id,max_depth,mss,msl,train_mae,train_mse,train_evs,train_mae_m,train_r2,test_mae,test_mse,test_evs,test_mae_m,test_r2,model_path,training_time
0,20,2,1,0.1258835641000944,0.05551330776377837,0.9236231691392511,0.053874965321713486,0.9236231691392511,0.14340285843360667,0.07316364762540041,0.8985208126586346,0.06370197496000285,0.8985207620835938,C:\Users\Pedro\Desktop\ML_Nuclear_Data\ML_Data\Models\DT\dt_model_md20_mss2_msl1.joblib,34.259997606277466
1,20,5,1,0.12770156882414105,0.05626589512963609,0.9225074992606803,0.055624132032654344,0.9225074992606803,0.14310589455234352,0.07227751332065167,0.8995467517530847,0.06373473057990209,0.8995466886996446,C:\Users\Pedro\Desktop\ML_Nuclear_Data\ML_Data\Models\DT\dt_model_md20_mss5_msl1.joblib,33.042283058166504
2,20,5,3,0.13021306507838262,0.05811495692920781,0.9197565186818155,0.05730463576830008,0.9197565186818155,0.14280712514063204,0.07071892375888836,0.9013348316883368,0.06381950330093267,0.9013347495408192,C:\Users\Pedro\Desktop\ML_Nuclear_Data\ML_Data\Models\DT\dt_model_md20_mss5_msl3.joblib,35.38969540596008
3,20,10,1,0.12961797836011785,0.05741301140183035,0.9208025054274858,0.057233708088402724,0.9208025054274858,0.14290819362162124,0.07165529328011407,0.9002594801329363,0.06388866866853404,0.9002594626520704,C:\Users\Pedro\Desktop\ML_Nuclear_Data\ML_Data\Models\DT\dt_model_md20_mss10_msl1.joblib,34.18198299407959
4,20,10,3,0.13099200189310037,0.05863910661036099,0.9189741467739071,0.05794534132324157,0.9189741467739071,0.14281550014525266,0.07055921888176743,0.9014938899286224,0.0639757942324774,0.9014938576074293,C:\Users\Pedro\Desktop\ML_Nuclear_Data\ML_Data\Models\DT\dt_model_md20_mss10_msl3.joblib,33.93043875694275
5,20,10,5,0.13201211652716077,0.05959343729318594,0.9175467513397543,0.05857343371791396,0.9175467513397543,0.1428410013565787,0.07039349448161807,0.9015996128216874,0.06409388583947861,0.9015995574218987,C:\Users\Pedro\Desktop\ML_Nuclear_Data\ML_Data\Models\DT\dt_model_md20_mss10_msl5.joblib,33.86094403266907
6,20,10,7,0.13340227449144448,0.06074720477626188,0.9158160161737247,0.059467147584519764,0.9158160161737247,0.14309320087646696,0.07037890605309906,0.9014467987103432,0.06449105821468597,0.9014467620422468,C:\Users\Pedro\Desktop\ML_Nuclear_Data\ML_Data\Models\DT\dt_model_md20_mss10_msl7.joblib,34.125473499298096
7,20,15,1,0.13102696912188996,0.058298155801694736,0.9194831956914007,0.058316386191116676,0.9194831956914007,0.14294782834303793,0.07122995180084199,0.9007351169239234,0.06418992493715325,0.9007351000080157,C:\Users\Pedro\Desktop\ML_Nuclear_Data\ML_Data\Models\DT\dt_model_md20_mss15_msl1.joblib,33.18480706214905
8,20,15,3,0.1320603390246402,0.05930391313758625,0.9179801917020798,0.05880670474854158,0.9179801917020798,0.14291425918463654,0.07030193937334742,0.9017679699705475,0.06428341354639655,0.9017679365307664,C:\Users\Pedro\Desktop\ML_Nuclear_Data\ML_Data\Models\DT\dt_model_md20_mss15_msl3.joblib,34.09496760368347
9,20,15,5,0.1327393092099514,0.060037401902577954,0.9168814265725892,0.0591717892465049,0.9168814265725892,0.14293681403685665,0.0702214856099892,0.9017524287541208,0.06439133219478643,0.9017523837264011,C:\Users\Pedro\Desktop\ML_Nuclear_Data\ML_Data\Models\DT\dt_model_md20_mss15_msl5.joblib,32.51519012451172
10,20,15,7,0.1334959711556103,0.060808306059745396,0.9157242054796576,0.05953421728428787,0.9157242054796576,0.1431149365828542,0.07037697714363185,0.9014367459127758,0.06451177649889583,0.9014367107774919,C:\Users\Pedro\Desktop\ML_Nuclear_Data\ML_Data\Models\DT\dt_model_md20_mss15_msl7.joblib,33.16380500793457
11,20,15,10,0.13515579625184015,0.06228220902326759,0.9135047999985937,0.0606033993754202,0.9135047999985937,0.14365858277041033,0.07084933784792209,0.9006077510081194,0.06491262675487686,0.9006077413995613,C:\Users\Pedro\Desktop\ML_Nuclear_Data\ML_Data\Models\DT\dt_model_md20_mss15_msl10.joblib,32.91526174545288
12,40,2,1,0.03181634848449332,0.013925593221325838,0.98187767761812,0.0,0.98187767761812,0.13512640061657677,0.08099856559879057,0.8944097276510842,0.04833330826740734,0.8944095820049723,C:\Users\Pedro\Desktop\ML_Nuclear_Data\ML_Data\Models\DT\dt_model_md40_mss2_msl1.joblib,38.986823081970215
13,40,5,1,0.056175845041432734,0.01924486496578714,0.9747807713781032,0.0151453099033379,0.9747807713781032,0.13025773247802416,0.07415507268530411,0.9023880458286418,0.047272875381821344,0.9023880420568094,C:\Users\Pedro\Desktop\ML_Nuclear_Data\ML_Data\Models\DT\dt_model_md40_mss5_msl1.joblib,37.322532415390015
14,40,5,3,0.0794015666843711,0.02961277620632504,0.960659755375633,0.02725377927912037,0.960659755375633,0.12328256038481397,0.06347041374176382,0.91499050446446,0.04632904624352863,0.9149902606232614,C:\Users\Pedro\Desktop\ML_Nuclear_Data\ML_Data\Models\DT\dt_model_md40_mss5_msl3.joblib,35.676244497299194
15,40,10,1,0.07313165662703802,0.025746452413182967,0.9659709095763895,0.025131378051405168,0.9659709095763895,0.12514299865294096,0.0678096177434044,0.9098268448051741,0.046371729300336506,0.9098268104238564,C:\Users\Pedro\Desktop\ML_Nuclear_Data\ML_Data\Models\DT\dt_model_md40_mss10_msl1.joblib,37.38004231452942
16,40,10,3,0.08398982974384361,0.03174906353953073,0.9577016772776007,0.030181298914263688,0.9577016772776007,0.12217273475433062,0.0619667053085813,0.9167182386087398,0.04649553805832973,0.9167181717754314,C:\Users\Pedro\Desktop\ML_Nuclear_Data\ML_Data\Models\DT\dt_model_md40_mss10_msl3.joblib,36.54589605331421
17,40,10,5,0.08947174065007309,0.03512171852246279,0.9529971933610853,0.03307414902702721,0.9529971933610853,0.12024145287850836,0.05945762441955002,0.9197172419158561,0.046569109083165916,0.9197171435681973,C:\Users\Pedro\Desktop\ML_Nuclear_Data\ML_Data\Models\DT\dt_model_md40_mss10_msl5.joblib,36.48738622665405
18,40,10,7,0.09524476901230886,0.038686859035930374,0.9479778190754645,0.0363398166915096,0.9479778190754645,0.11964618450056481,0.0583665312740721,0.9208463165872369,0.04702097972449626,0.9208462591840121,C:\Users\Pedro\Desktop\ML_Nuclear_Data\ML_Data\Models\DT\dt_model_md40_mss10_msl7.joblib,36.5754017829895
19,40,15,1,0.08206851810774204,0.029954183943957574,0.9601881420616242,0.03013055907030865,0.9601881420616242,0.12307055004517056,0.06436823316265008,0.9138725109721884,0.046561332201195654,0.9138724584400862,C:\Users\Pedro\Desktop\ML_Nuclear_Data\ML_Data\Models\DT\dt_model_md40_mss15_msl1.joblib,36.52539134025574
20,40,15,3,0.08936924713121358,0.03441339566869067,0.9539887457038548,0.03344737825698735,0.9539887457038548,0.12128545961332896,0.060224865392301805,0.9187459909973312,0.04686225270691019,0.9187459653950056,C:\Users\Pedro\Desktop\ML_Nuclear_Data\ML_Data\Models\DT\dt_model_md40_mss15_msl3.joblib,36.24936604499817
21,40,15,5,0.09256626744228963,0.03665414600261139,0.9508455643776339,0.03505719876035662,0.9508455643776339,0.12010959757293535,0.05876524178227539,0.9204622851731686,0.04704670700977531,0.9204622363281141,C:\Users\Pedro\Desktop\ML_Nuclear_Data\ML_Data\Models\DT\dt_model_md40_mss15_msl5.joblib,36.03380608558655
22,40,15,7,0.09556857497383675,0.03885506075672183,0.9477398181447327,0.03654026085529788,0.9477398181447327,0.11970389992742135,0.05836398171439865,0.9208316383357814,0.04710237312867416,0.9208316024926103,C:\Users\Pedro\Desktop\ML_Nuclear_Data\ML_Data\Models\DT\dt_model_md40_mss15_msl7.joblib,34.61605763435364
23,40,15,10,0.10122078168228796,0.04269355508711497,0.9422790298198764,0.03964414091511914,0.9422790298198764,0.12027787858369458,0.05848265894340419,0.9201858254175495,0.04796072109987877,0.9201857069198274,C:\Users\Pedro\Desktop\ML_Nuclear_Data\ML_Data\Models\DT\dt_model_md40_mss15_msl10.joblib,35.40019655227661
24,60,2,1,0.02713563938852007,0.011633813788124295,0.9849051458236516,0.0,0.9849051458236516,0.13529224675442061,0.08166284904969569,0.8938387352979377,0.0477164436971359,0.8938381658832873,C:\Users\Pedro\Desktop\ML_Nuclear_Data\ML_Data\Models\DT\dt_model_md60_mss2_msl1.joblib,39.792465686798096
25,60,5,1,0.05291867513494881,0.01727215402663844,0.9774242504263517,0.014166575689043781,0.9774242504263517,0.1303004602473662,0.07456295829365465,0.902071392327833,0.0467211062736429,0.9020713080939333,C:\Users\Pedro\Desktop\ML_Nuclear_Data\ML_Data\Models\DT\dt_model_md60_mss5_msl1.joblib,38.507739543914795
26,60,5,3,0.07791422622494597,0.028481421235318733,0.9622195316633178,0.026623929856318673,0.9622195316633178,0.122860742577956,0.06314206161329929,0.9155665243842451,0.04590829679040942,0.915566227582648,C:\Users\Pedro\Desktop\ML_Nuclear_Data\ML_Data\Models\DT\dt_model_md60_mss5_msl3.joblib,36.70492458343506
27,60,10,1,0.07078471251597072,0.024142458045843716,0.9681584133493057,0.024262671564867944,0.9681584133493057,0.12502203511672108,0.06795456033753328,0.9098157164773951,0.0458474748417661,0.9098155792757936,C:\Users\Pedro\Desktop\ML_Nuclear_Data\ML_Data\Models\DT\dt_model_md60_mss10_msl1.joblib,37.600581407547
28,60,10,3,0.08265576433027158,0.030691278211955303,0.9591684749188473,0.02960655266275658,0.9591684749188473,0.12175078651602668,0.06161236319280218,0.9173149067887293,0.046083485853958495,0.9173148177674257,C:\Users\Pedro\Desktop\ML_Nuclear_Data\ML_Data\Models\DT\dt_model_md60_mss10_msl3.joblib,42.75698375701904
29,60,10,5,0.08841040964070437,0.034232615403232865,0.9542415118825405,0.03259470531395242,0.9542415118825405,0.11972567507230457,0.058983404333211954,0.920475271115783,0.046182112943925935,0.9204752009806498,C:\Users\Pedro\Desktop\ML_Nuclear_Data\ML_Data\Models\DT\dt_model_md60_mss10_msl5.joblib,36.59790563583374
30,60,10,7,0.09447365459953604,0.03815650340246665,0.9487275536726364,0.035939171885217835,0.9487275536726364,0.11926704653573994,0.058190644378718966,0.921119068406348,0.04668834078055628,0.9211190083881551,C:\Users\Pedro\Desktop\ML_Nuclear_Data\ML_Data\Models\DT\dt_model_md60_mss10_msl7.joblib,36.31635618209839
31,60,15,1,0.08016400680630233,0.02858096938437547,0.9620824745076059,0.029346053239049597,0.9620824745076059,0.122835672932345,0.06437558678599023,0.9140022354668416,0.046048376786299805,0.9140020810440407,C:\Users\Pedro\Desktop\ML_Nuclear_Data\ML_Data\Models\DT\dt_model_md60_mss15_msl1.joblib,36.96651887893677
32,60,15,3,0.08820661599211847,0.03345181466631596,0.9553318223108954,0.032924950350945725,0.9553318223108954,0.1208926593332464,0.059915628170806846,0.9192714673545547,0.04646461534544111,0.9192714293822609,C:\Users\Pedro\Desktop\ML_Nuclear_Data\ML_Data\Models\DT\dt_model_md60_mss15_msl3.joblib,36.15282869338989
33,60,15,5,0.09158288123349677,0.03580832328727062,0.9520342473542937,0.034615075193742045,0.9520342473542938,0.11961429579329506,0.05829886997708978,0.9211941534952199,0.04671281844154285,0.9211941226334721,C:\Users\Pedro\Desktop\ML_Nuclear_Data\ML_Data\Models\DT\dt_model_md60_mss15_msl5.joblib,35.41169857978821
34,60,15,7,0.09480378625772251,0.03832791965797655,0.9484853488415239,0.036132765413011636,0.9484853488415239,0.1193226878961838,0.05818841744670169,0.9211051190469096,0.046764026489166555,0.9211050818183657,C:\Users\Pedro\Desktop\ML_Nuclear_Data\ML_Data\Models\DT\dt_model_md60_mss15_msl7.joblib,36.208338022232056
35,60,15,10,0.10069591735960226,0.04242445564152119,0.9426637077269511,0.03928752722051121,0.9426637077269511,0.11995285487616136,0.058342928579946454,0.920405922228369,0.047659937880254244,0.9204058148067683,C:\Users\Pedro\Desktop\ML_Nuclear_Data\ML_Data\Models\DT\dt_model_md60_mss15_msl10.joblib,36.378867387771606
36,80,2,1,0.026414350996398578,0.011142600369780736,0.9855517030245282,0.0,0.9855517030245282,0.13530537987935073,0.0818560942281642,0.8936288412802947,0.047570831324143414,0.8936280268728901,C:\Users\Pedro\Desktop\ML_Nuclear_Data\ML_Data\Models\DT\dt_model_md80_mss2_msl1.joblib,40.66111779212952
37,80,5,1,0.05235131768093302,0.01684236928976815,0.977998364582573,0.014079094917593793,0.977998364582573,0.1303824763502493,0.07481404873697994,0.9017828439932469,0.04662282753631497,0.9017827195370899,C:\Users\Pedro\Desktop\ML_Nuclear_Data\ML_Data\Models\DT\dt_model_md80_mss5_msl1.joblib,38.35221338272095
38,80,5,3,0.07776409853981678,0.02828525936209853,0.9624894999690486,0.026601811328504754,0.9624894999690486,0.1228345582105388,0.06315852193333042,0.9155736910953455,0.04590438965030444,0.9155734156431432,C:\Users\Pedro\Desktop\ML_Nuclear_Data\ML_Data\Models\DT\dt_model_md80_mss5_msl3.joblib,36.153828382492065
39,80,10,1,0.0703403944653216,0.023785336079207055,0.9686441918589536,0.024161715579601777,0.9686441918589536,0.1250584660410364,0.0681274420611745,0.9096126286441631,0.04576783285306474,0.9096124516761044,C:\Users\Pedro\Desktop\ML_Nuclear_Data\ML_Data\Models\DT\dt_model_md80_mss10_msl1.joblib,35.174654960632324
40,80,10,3,0.08251864295949274,0.030505703605335055,0.9594253798279381,0.029588026052218955,0.9594253798279381,0.12172784634646162,0.06162202895756626,0.9173256766777764,0.04607756256798701,0.9173255949090633,C:\Users\Pedro\Desktop\ML_Nuclear_Data\ML_Data\Models\DT\dt_model_md80_mss10_msl3.joblib,36.00830388069153
41,80,10,5,0.08834683877140677,0.034130630949346284,0.9543840522122314,0.032590432630576927,0.9543840522122314,0.11969522375782582,0.05897082755507555,0.9205039442948701,0.04618519916364594,0.9205038849364171,C:\Users\Pedro\Desktop\ML_Nuclear_Data\ML_Data\Models\DT\dt_model_md80_mss10_msl5.joblib,35.40319561958313
42,79,10,7,0.09442247162141801,0.03806042337364695,0.9488632624097552,0.03593747986515994,0.9488632624097552,0.11925132723775887,0.058170949415343766,0.9211659346773855,0.046686819406135394,0.9211658823913669,C:\Users\Pedro\Desktop\ML_Nuclear_Data\ML_Data\Models\DT\dt_model_md80_mss10_msl7.joblib,35.48071026802063
43,80,15,1,0.0797949388552171,0.02827931804664531,0.9624976745289155,0.029246931915369145,0.9624976745289155,0.12288248799064036,0.06450827752714725,0.9138560892017948,0.04600440377354298,0.913855881173715,C:\Users\Pedro\Desktop\ML_Nuclear_Data\ML_Data\Models\DT\dt_model_md80_mss15_msl1.joblib,36.06681227684021
44,80,15,3,0.08809238900178094,0.033292133226003384,0.9555545215680885,0.03290924514013666,0.9555545215680885,0.12088685668391672,0.059935309279564565,0.9192698472772665,0.04646602095564534,0.9192698133794007,C:\Users\Pedro\Desktop\ML_Nuclear_Data\ML_Data\Models\DT\dt_model_md80_mss15_msl3.joblib,34.284000396728516
45,80,15,5,0.0915232653194021,0.035711150452015866,0.9521706374130408,0.03461112104001984,0.9521706374130408,0.11958409991308752,0.05829092310739847,0.9212160636762284,0.04671376868238086,0.921216034865217,C:\Users\Pedro\Desktop\ML_Nuclear_Data\ML_Data\Models\DT\dt_model_md80_mss15_msl5.joblib,33.46335577964783
46,79,15,7,0.09475267560536627,0.0382319118191972,0.9486210181152179,0.03613096560611179,0.9486210181152179,0.11930750202060512,0.05815895249683149,0.9211637886021693,0.04676132105974107,0.9211637564559119,C:\Users\Pedro\Desktop\ML_Nuclear_Data\ML_Data\Models\DT\dt_model_md80_mss15_msl7.joblib,35.43470239639282
47,80,15,10,0.10068332428380945,0.04241375209221299,0.9426790026747052,0.03928621474040345,0.9426790026747052,0.11994483202802558,0.05833424642057268,0.9204156055023555,0.04766009724833431,0.9204154926602055,C:\Users\Pedro\Desktop\ML_Nuclear_Data\ML_Data\Models\DT\dt_model_md80_mss15_msl10.joblib,35.41169810295105
48,100,2,1,0.026143942791336233,0.010971557894524735,0.9857766435396776,0.0,0.9857766435396776,0.13526971357790757,0.0815287615610385,0.8939361950959277,0.04751003429654435,0.893935410993179,C:\Users\Pedro\Desktop\ML_Nuclear_Data\ML_Data\Models\DT\dt_model_md100_mss2_msl1.joblib,38.17868232727051
49,100,5,1,0.05213030625315617,0.016693108023316087,0.9781975996673898,0.014045365628528744,0.9781975996673898,0.13039104990038622,0.07489967511330849,0.9016841541717668,0.046563654012500844,0.9016839929480248,C:\Users\Pedro\Desktop\ML_Nuclear_Data\ML_Data\Models\DT\dt_model_md100_mss5_msl1.joblib,35.6472384929657
50,100,5,3,0.07774933221053061,0.02826952875884347,0.9625111431707478,0.026599691980116025,0.9625111431707478,0.12282152853911045,0.06315267550595004,0.9155846534945568,0.04590466164771745,0.9155843942255729,C:\Users\Pedro\Desktop\ML_Nuclear_Data\ML_Data\Models\DT\dt_model_md100_mss5_msl3.joblib,36.54039454460144
51,100,10,1,0.07016172027428928,0.02365890552277351,0.9688160606000289,0.024121082083635725,0.9688160606000289,0.1250748861561417,0.06821161780493241,0.9095121530208623,0.04573301214093817,0.9095119435274734,C:\Users\Pedro\Desktop\ML_Nuclear_Data\ML_Data\Models\DT\dt_model_md100_mss10_msl1.joblib,36.59390473365784
52,100,10,3,0.08250393699061623,0.030490822819595274,0.959445974928351,0.029585915465590473,0.959445974928351,0.12171192546523495,0.061604343198030015,0.9173550052672178,0.04607751730502507,0.9173549270317871,C:\Users\Pedro\Desktop\ML_Nuclear_Data\ML_Data\Models\DT\dt_model_md100_mss10_msl3.joblib,35.4862117767334
53,100,10,5,0.08834080640856515,0.03412413585611305,0.9543931288750819,0.03258987291808452,0.9543931288750819,0.1197082364084605,0.05899142673843496,0.9204798170875964,0.0461870042222714,0.9204797555261606,C:\Users\Pedro\Desktop\ML_Nuclear_Data\ML_Data\Models\DT\dt_model_md100_mss10_msl5.joblib,35.071139097213745
54,79,10,7,0.09442247162141801,0.03806042337364695,0.9488632624097552,0.03593747986515994,0.9488632624097552,0.1192532921224402,0.05817636328540422,0.9211596768892204,0.04668765377682038,0.9211596234354308,C:\Users\Pedro\Desktop\ML_Nuclear_Data\ML_Data\Models\DT\dt_model_md100_mss10_msl7.joblib,34.87760519981384
55,100,15,1,0.07964289150480826,0.028173385016512408,0.9626434044514348,0.029204872184280917,0.9626434044514348,0.12288334379611818,0.06453583498689046,0.9138165050616853,0.04597274072133539,0.913816293579543,C:\Users\Pedro\Desktop\ML_Nuclear_Data\ML_Data\Models\DT\dt_model_md100_mss15_msl1.joblib,36.06281328201294
56,100,15,3,0.08808057306744799,0.03328061846052038,0.9555705769321169,0.03290826499969357,0.9555705769321169,0.1208751435587459,0.05992769506697308,0.9192810761723864,0.046465534750575355,0.9192810477477178,C:\Users\Pedro\Desktop\ML_Nuclear_Data\ML_Data\Models\DT\dt_model_md100_mss15_msl3.joblib,35.369691610336304
57,100,15,5,0.09151758901600676,0.03570540312576506,0.9521787031457122,0.03461079613642476,0.9521787031457122,0.11960261948257223,0.05832076745389573,0.9211836585438968,0.04671306988916368,0.921183632664357,C:\Users\Pedro\Desktop\ML_Nuclear_Data\ML_Data\Models\DT\dt_model_md100_mss15_msl5.joblib,35.59323024749756
58,79,15,7,0.09475267560536627,0.0382319118191972,0.9486210181152179,0.03613096560611179,0.9486210181152179,0.11932271404865302,0.05819019937636957,0.9211231363784818,0.04676270721613307,0.9211230973435667,C:\Users\Pedro\Desktop\ML_Nuclear_Data\ML_Data\Models\DT\dt_model_md100_mss15_msl7.joblib,34.92261219024658
59,93,15,10,0.10068095894378049,0.0424112390398236,0.9426825936628288,0.039286183834041644,0.9426825936628287,0.1199484884940916,0.05834481668115158,0.9204043266476447,0.04765759198370079,0.9204042132461945,C:\Users\Pedro\Desktop\ML_Nuclear_Data\ML_Data\Models\DT\dt_model_md100_mss15_msl10.joblib,35.46320605278015
60,120,2,1,0.02603102661805888,0.01090803817367527,0.9858601538740756,0.0,0.9858601538740756,0.13530695037592003,0.08198787546706673,0.8934678986980782,0.04746160458459259,0.8934669287937087,C:\Users\Pedro\Desktop\ML_Nuclear_Data\ML_Data\Models\DT\dt_model_md120_mss2_msl1.joblib,38.57275080680847
61,120,5,1,0.05203603362139585,0.016637474418454243,0.978271839959308,0.014030881246767657,0.978271839959308,0.13039708580645015,0.07490124409966936,0.9016904441775336,0.046552416618920844,0.9016902776141086,C:\Users\Pedro\Desktop\ML_Nuclear_Data\ML_Data\Models\DT\dt_model_md120_mss5_msl1.joblib,36.10282015800476
62,120,5,3,0.07773895412318049,0.028260623692591833,0.9625233949480871,0.026599115171939525,0.9625233949480871,0.12282280059041198,0.06315106590479955,0.9155902194103529,0.04590469568711508,0.9155899693590752,C:\Users\Pedro\Desktop\ML_Nuclear_Data\ML_Data\Models\DT\dt_model_md120_mss5_msl3.joblib,36.326359272003174
63,120,10,1,0.0700812614507224,0.023610855285336206,0.9688813647080311,0.024103828399408944,0.9688813647080311,0.12508266786838657,0.06823118208782782,0.909487299146399,0.045718342687292024,0.9094870936658868,C:\Users\Pedro\Desktop\ML_Nuclear_Data\ML_Data\Models\DT\dt_model_md120_mss10_msl1.joblib,36.11982226371765
64,120,10,3,0.08249382460429922,0.03048216959387451,0.9594579506719363,0.029585441858870132,0.9594579506719363,0.12171349277732135,0.06161188604277762,0.9173488289565761,0.04607756256798701,0.9173487571356704,C:\Users\Pedro\Desktop\ML_Nuclear_Data\ML_Data\Models\DT\dt_model_md120_mss10_msl3.joblib,34.92961072921753
65,107,10,5,0.08834014299032274,0.034123450242965786,0.9543940869859876,0.03258982748259398,0.9543940869859876,0.11969883410778348,0.058975037293044145,0.9205022631252324,0.04618661581103847,0.9205022116974603,C:\Users\Pedro\Desktop\ML_Nuclear_Data\ML_Data\Models\DT\dt_model_md120_mss10_msl5.joblib,33.664891719818115
66,79,10,7,0.09442247162141801,0.03806042337364695,0.9488632624097552,0.03593747986515994,0.9488632624097552,0.11925142094782887,0.05817121157045143,0.9211627782309887,0.046686302170806715,0.9211627248690183,C:\Users\Pedro\Desktop\ML_Nuclear_Data\ML_Data\Models\DT\dt_model_md120_mss10_msl7.joblib,33.93243885040283
67,120,15,1,0.07957236547940759,0.028131558963464042,0.9627009324323286,0.029184279711186256,0.9627009324323286,0.12289862497571159,0.0645712623007797,0.9137671143514937,0.045958870456133116,0.913766893400077,C:\Users\Pedro\Desktop\ML_Nuclear_Data\ML_Data\Models\DT\dt_model_md120_mss15_msl1.joblib,34.980122089385986
68,120,15,3,0.08807244985883037,0.03327384189460875,0.9555800254593999,0.03290749358813827,0.9555800254593999,0.1208749324285714,0.059929148631002134,0.9192794884242945,0.046465534750575355,0.9192794571756877,C:\Users\Pedro\Desktop\ML_Nuclear_Data\ML_Data\Models\DT\dt_model_md120_mss15_msl3.joblib,34.843597650527954
69,107,15,5,0.09151698671362513,0.035704762724428726,0.9521796018700173,0.034610779845684975,0.9521796018700173,0.11959745050552953,0.05830915982673877,0.921194847448789,0.04671281844154285,0.9211948218429092,C:\Users\Pedro\Desktop\ML_Nuclear_Data\ML_Data\Models\DT\dt_model_md120_mss15_msl5.joblib,35.65023922920227
70,79,15,7,0.09475267560536628,0.0382319118191972,0.9486210181152179,0.03613096560611179,0.9486210181152179,0.11931086644625935,0.058172198615407976,0.9211453812267242,0.046761305557607824,0.921145348828349,C:\Users\Pedro\Desktop\ML_Nuclear_Data\ML_Data\Models\DT\dt_model_md120_mss15_msl7.joblib,34.29650282859802
71,93,15,10,0.10068095894378049,0.042411239039823585,0.9426825936628288,0.039286183834041644,0.9426825936628288,0.1199491869697394,0.05834718575847929,0.920403657261855,0.047656647310883926,0.9204035460287802,C:\Users\Pedro\Desktop\ML_Nuclear_Data\ML_Data\Models\DT\dt_model_md120_mss15_msl10.joblib,41.8633246421814
72,140,2,1,0.02595092623796268,0.010870168154858386,0.9859099356152917,0.0,0.9859099356152917,0.13535414313882754,0.08209358615552892,0.8933271769930782,0.047467488428837246,0.8933261773822853,C:\Users\Pedro\Desktop\ML_Nuclear_Data\ML_Data\Models\DT\dt_model_md140_mss2_msl1.joblib,38.639262437820435
73,140,5,1,0.0519711234033693,0.016604282215052973,0.9783161281737845,0.01402100689310426,0.9783161281737845,0.13039977857330898,0.074899253805641,0.901681188681635,0.04654308365550941,0.9016810286626679,C:\Users\Pedro\Desktop\ML_Nuclear_Data\ML_Data\Models\DT\dt_model_md140_mss5_msl1.joblib,37.37053871154785
74,140,5,3,0.07773461328158718,0.028256246673294592,0.9625294168371766,0.026598791899228452,0.9625294168371766,0.12282061359675059,0.06315124125029102,0.9155858312647577,0.04590321229663663,0.9155855744304191,C:\Users\Pedro\Desktop\ML_Nuclear_Data\ML_Data\Models\DT\dt_model_md140_mss5_msl3.joblib,36.518391847610474
75,140,10,1,0.07002682202524327,0.023581265299901007,0.9689215757450964,0.024091492891482158,0.9689215757450964,0.12509459046950128,0.06825478664629048,0.9094623030346694,0.045712746011151495,0.9094620678686184,C:\Users\Pedro\Desktop\ML_Nuclear_Data\ML_Data\Models\DT\dt_model_md140_mss10_msl1.joblib,38.20718741416931
76,140,10,3,0.08248948425831751,0.030477792576307106,0.9594640081969932,0.029585064213209056,0.9594640081969932,0.121709722623234,0.06161289523407045,0.9173497658055713,0.04607626202571746,0.9173496988795936,C:\Users\Pedro\Desktop\ML_Nuclear_Data\ML_Data\Models\DT\dt_model_md140_mss10_msl3.joblib,36.66941833496094
77,107,10,5,0.08834014299032274,0.03412345024296578,0.9543940869859877,0.03258982748259398,0.9543940869859877,0.11970050949447497,0.05897552998320507,0.9205010723497409,0.0461870042222714,0.9205010198843271,C:\Users\Pedro\Desktop\ML_Nuclear_Data\ML_Data\Models\DT\dt_model_md140_mss10_msl5.joblib,35.52071738243103
78,79,10,7,0.09442247162141801,0.03806042337364695,0.9488632624097552,0.03593747986515994,0.9488632624097552,0.11923985927760922,0.05815368134654887,0.9211838794451369,0.046686302170806715,0.9211838302621336,C:\Users\Pedro\Desktop\ML_Nuclear_Data\ML_Data\Models\DT\dt_model_md140_mss10_msl7.joblib,36.73893117904663
79,140,15,1,0.07952688737327214,0.028106436055375432,0.9627354836697563,0.02917087477131125,0.9627354836697563,0.12292067977622582,0.06461402497281722,0.9137198124797816,0.0459601997812048,0.9137195721638347,C:\Users\Pedro\Desktop\ML_Nuclear_Data\ML_Data\Models\DT\dt_model_md140_mss15_msl1.joblib,36.1213219165802
80,140,15,3,0.08806889788111837,0.033270332062617106,0.9555849191309691,0.03290646560471483,0.9555849191309691,0.12087217494984137,0.059928803072562355,0.919283443704198,0.04646346978849136,0.9192834172650186,C:\Users\Pedro\Desktop\ML_Nuclear_Data\ML_Data\Models\DT\dt_model_md140_mss15_msl3.joblib,37.754106283187866
81,107,15,5,0.09151698671362514,0.035704762724428726,0.9521796018700173,0.034610779845684975,0.9521796018700173,0.11960560802016898,0.05832258156247611,0.9211780437428436,0.04671418496249624,0.921178017734902,C:\Users\Pedro\Desktop\ML_Nuclear_Data\ML_Data\Models\DT\dt_model_md140_mss15_msl5.joblib,35.87377977371216
82,79,15,7,0.09475267560536627,0.0382319118191972,0.9486210181152179,0.03613096560611179,0.9486210181152179,0.11930561724377568,0.058161116890316056,0.9211562967516784,0.04676270721613307,0.9211562632235339,C:\Users\Pedro\Desktop\ML_Nuclear_Data\ML_Data\Models\DT\dt_model_md140_mss15_msl7.joblib,35.3251838684082
83,93,15,10,0.10068095894378049,0.042411239039823585,0.9426825936628288,0.039286183834041644,0.9426825936628288,0.11995673754333268,0.05835207698128213,0.9203975778363394,0.04766009724833431,0.9203974683014037,C:\Users\Pedro\Desktop\ML_Nuclear_Data\ML_Data\Models\DT\dt_model_md140_mss15_msl10.joblib,34.47053527832031
84,160,2,1,0.025899726403463337,0.010842803003499768,0.9859459052223007,0.0,0.9859459052223007,0.13531204976234032,0.08160538079101232,0.8938965122865254,0.04745323478973462,0.8938955922526884,C:\Users\Pedro\Desktop\ML_Nuclear_Data\ML_Data\Models\DT\dt_model_md160_mss2_msl1.joblib,37.372042417526245
85,160,5,1,0.05192949673551075,0.016580635036361414,0.9783476781607908,0.014014361800121833,0.9783476781607908,0.13045786083222116,0.07497995950967352,0.901582264503365,0.046541794245742896,0.9015820967932151,C:\Users\Pedro\Desktop\ML_Nuclear_Data\ML_Data\Models\DT\dt_model_md160_mss5_msl1.joblib,36.6874213218689
86,146,5,3,0.07773280479869157,0.028254179456807506,0.9625322608826747,0.026598633717754006,0.9625322608826747,0.12282141594487948,0.06314957969756825,0.915595705512448,0.045903876250043885,0.9155954614182812,C:\Users\Pedro\Desktop\ML_Nuclear_Data\ML_Data\Models\DT\dt_model_md160_mss5_msl3.joblib,35.17315673828125
87,160,10,1,0.0699913423874726,0.023560592423418382,0.9689496670984898,0.02408362564052069,0.9689496670984898,0.12511651562289652,0.06827119215501137,0.9094409658899135,0.04571081765347618,0.9094407243732228,C:\Users\Pedro\Desktop\ML_Nuclear_Data\ML_Data\Models\DT\dt_model_md160_mss10_msl1.joblib,35.70624828338623
88,146,10,3,0.08248766740534709,0.030475781666209702,0.9594667911501397,0.029585046057053116,0.9594667911501397,0.12171725400046329,0.0616165606256069,0.9173441110761243,0.04607661135260244,0.917344045109252,C:\Users\Pedro\Desktop\ML_Nuclear_Data\ML_Data\Models\DT\dt_model_md160_mss10_msl3.joblib,35.596229791641235
89,107,10,5,0.08834014299032274,0.03412345024296578,0.9543940869859877,0.03258982748259395,0.9543940869859877,0.11970512396143056,0.05899193823606918,0.9204793961732055,0.04618236911926604,0.9204793414434551,C:\Users\Pedro\Desktop\ML_Nuclear_Data\ML_Data\Models\DT\dt_model_md160_mss10_msl5.joblib,35.74275517463684
90,79,10,7,0.09442247162141801,0.03806042337364695,0.9488632624097552,0.03593747986515994,0.9488632624097552,0.11924308243010238,0.058163104324707435,0.9211747301499754,0.04668580059144811,0.921174678264097,C:\Users\Pedro\Desktop\ML_Nuclear_Data\ML_Data\Models\DT\dt_model_md160_mss10_msl7.joblib,34.32400822639465
91,160,15,1,0.07949940702178773,0.02809074585241482,0.9627570610521111,0.029164066476036532,0.9627570610521111,0.12294460419111436,0.06465353461927557,0.9136731662310933,0.04595538646523234,0.9136729257577969,C:\Users\Pedro\Desktop\ML_Nuclear_Data\ML_Data\Models\DT\dt_model_md160_mss15_msl1.joblib,34.51253962516785
92,145,15,3,0.08806790314212105,0.03326897623789649,0.9555868095114222,0.032906517200884056,0.9555868095114222,0.12086746039696598,0.05992100603919809,0.91929331466172,0.046462476092704375,0.9192932920927114,C:\Users\Pedro\Desktop\ML_Nuclear_Data\ML_Data\Models\DT\dt_model_md160_mss15_msl3.joblib,35.575727462768555
93,107,15,5,0.09151698671362514,0.035704762724428726,0.9521796018700173,0.034610779845684975,0.9521796018700173,0.11960235029431063,0.05832141460095063,0.9211778375009726,0.04671281844154285,0.9211778134607626,C:\Users\Pedro\Desktop\ML_Nuclear_Data\ML_Data\Models\DT\dt_model_md160_mss15_msl5.joblib,33.980446100234985
94,79,15,7,0.09475267560536628,0.0382319118191972,0.9486210181152179,0.03613096560611173,0.9486210181152179,0.11930401088289899,0.05815990521219877,0.9211582423251364,0.04676229104870755,0.9211582099976459,C:\Users\Pedro\Desktop\ML_Nuclear_Data\ML_Data\Models\DT\dt_model_md160_mss15_msl7.joblib,34.98062348365784
95,93,15,10,0.10068095894378049,0.042411239039823585,0.9426825936628288,0.039286183834041644,0.9426825936628288,0.11995846890737086,0.0583601989885621,0.920386462594891,0.04765849794554944,0.9203863514898041,C:\Users\Pedro\Desktop\ML_Nuclear_Data\ML_Data\Models\DT\dt_model_md160_mss15_msl10.joblib,34.870603799819946
96,180,2,1,0.02587048068090644,0.010832971095569969,0.9859588279651432,0.0,0.9859588279651432,0.13534604168196718,0.0816473206245622,0.8938183905550768,0.047459495933966145,0.8938175763091584,C:\Users\Pedro\Desktop\ML_Nuclear_Data\ML_Data\Models\DT\dt_model_md180_mss2_msl1.joblib,38.909810304641724
97,180,5,1,0.051906916234901894,0.016572929876375434,0.978357957938675,0.014012669922931043,0.978357957938675,0.13047699074664704,0.07501019191816749,0.9015557388871717,0.04654152848837054,0.9015555743634718,C:\Users\Pedro\Desktop\ML_Nuclear_Data\ML_Data\Models\DT\dt_model_md180_mss5_msl1.joblib,36.583903551101685
98,146,5,3,0.07773279692422846,0.028254178279481186,0.9625322625024182,0.026598633717754006,0.9625322625024182,0.12282894045580915,0.06317328604798755,0.9155658162220941,0.04590438965030444,0.9155655769044239,C:\Users\Pedro\Desktop\ML_Nuclear_Data\ML_Data\Models\DT\dt_model_md180_mss5_msl3.joblib,35.47020745277405
99,180,10,1,0.06997203024517683,0.02355401582083948,0.9689586033988068,0.0240787554928229,0.9689586033988068,0.12513222213559227,0.06827060393283856,0.9094428753943791,0.04571063583613788,0.9094426343341906,C:\Users\Pedro\Desktop\ML_Nuclear_Data\ML_Data\Models\DT\dt_model_md180_mss10_msl1.joblib,35.18165707588196
100,146,10,3,0.08248766481391838,0.030475781640163194,0.959466791186186,0.029585046057053116,0.959466791186186,0.12171547057095625,0.06162150428664104,0.9173407662718923,0.0460759552344005,0.9173406982330998,C:\Users\Pedro\Desktop\ML_Nuclear_Data\ML_Data\Models\DT\dt_model_md180_mss10_msl3.joblib,35.47021126747131
101,107,10,5,0.08834014299032274,0.03412345024296577,0.9543940869859877,0.03258982748259395,0.9543940869859877,0.11971152907914799,0.058996218192856394,0.9204739655486188,0.04618661581103847,0.9204739043001189,C:\Users\Pedro\Desktop\ML_Nuclear_Data\ML_Data\Models\DT\dt_model_md180_mss10_msl5.joblib,35.073139667510986
102,79,10,7,0.09442247162141801,0.03806042337364695,0.9488632624097552,0.03593747986515994,0.9488632624097552,0.11924184912061785,0.05815951168768828,0.9211797009431554,0.04668714195650492,0.9211796490678603,C:\Users\Pedro\Desktop\ML_Nuclear_Data\ML_Data\Models\DT\dt_model_md180_mss10_msl7.joblib,34.29800319671631
103,180,15,1,0.0794814945645186,0.028084506356447696,0.9627656414430842,0.029158663835582965,0.9627656414430842,0.12294140121467206,0.06462751848868672,0.9137050688651442,0.045953376415357905,0.9137048147923392,C:\Users\Pedro\Desktop\ML_Nuclear_Data\ML_Data\Models\DT\dt_model_md180_mss15_msl1.joblib,35.75275683403015
104,145,15,3,0.08806790314212105,0.03326897623789648,0.9555868095114223,0.03290651720088417,0.9555868095114223,0.12087544925238583,0.05992760249434036,0.9192883390123043,0.04646346978849092,0.9192883143568884,C:\Users\Pedro\Desktop\ML_Nuclear_Data\ML_Data\Models\DT\dt_model_md180_mss15_msl3.joblib,35.55522346496582
105,107,15,5,0.09151698671362514,0.035704762724428726,0.9521796018700173,0.034610779845684975,0.9521796018700173,0.1196088928832793,0.058330159617437115,0.9211669430293997,0.04671491979186149,0.9211669139338465,C:\Users\Pedro\Desktop\ML_Nuclear_Data\ML_Data\Models\DT\dt_model_md180_mss15_msl5.joblib,34.75808382034302
106,79,15,7,0.09475267560536627,0.0382319118191972,0.9486210181152179,0.03613096560611179,0.9486210181152179,0.1193075689594822,0.05816247710410507,0.9211558431253699,0.04676229104870755,0.9211558084197444,C:\Users\Pedro\Desktop\ML_Nuclear_Data\ML_Data\Models\DT\dt_model_md180_mss15_msl7.joblib,34.874603033065796
107,93,15,10,0.10068095894378049,0.042411239039823585,0.9426825936628288,0.039286183834041644,0.9426825936628288,0.11995299575488513,0.05835009593304318,0.9204008224864692,0.047659937880254244,0.9204007162725982,C:\Users\Pedro\Desktop\ML_Nuclear_Data\ML_Data\Models\DT\dt_model_md180_mss15_msl10.joblib,33.67739391326904
108,200,2,1,0.025843436017789708,0.010823884987747279,0.9859707701595328,0.0,0.9859707701595328,0.13536580259041273,0.0816909561311708,0.8937702145117522,0.04745193756508548,0.8937693622931562,C:\Users\Pedro\Desktop\ML_Nuclear_Data\ML_Data\Models\DT\dt_model_md200_mss2_msl1.joblib,38.864301681518555
109,200,5,1,0.051888139489208306,0.01656688617252284,0.9783660209533129,0.014009436106675755,0.9783660209533129,0.13047803107712092,0.0749880095484686,0.9015713382321002,0.04653880941611621,0.9015711732069022,C:\Users\Pedro\Desktop\ML_Nuclear_Data\ML_Data\Models\DT\dt_model_md200_mss5_msl1.joblib,36.842448472976685
110,146,5,3,0.07773279692422846,0.02825417827948119,0.9625322625024182,0.026598633717754117,0.9625322625024182,0.12283491491126951,0.06317723747878375,0.9155582069520178,0.04590348080367046,0.9155579571274792,C:\Users\Pedro\Desktop\ML_Nuclear_Data\ML_Data\Models\DT\dt_model_md200_mss5_msl3.joblib,36.38436794281006
111,200,10,1,0.06995881816037154,0.023549645246834235,0.9689645420575486,0.02407525144142819,0.9689645420575486,0.12515462830547336,0.06832361263799647,0.9093728889540921,0.0457109176005438,0.9093726802749259,C:\Users\Pedro\Desktop\ML_Nuclear_Data\ML_Data\Models\DT\dt_model_md200_mss10_msl1.joblib,35.42720079421997
112,146,10,3,0.08248766740534709,0.030475781666209702,0.9594667911501397,0.02958504605705306,0.9594667911501397,0.1217163022217435,0.06161828113448687,0.9173395463024488,0.04607626202571746,0.9173394698156799,C:\Users\Pedro\Desktop\ML_Nuclear_Data\ML_Data\Models\DT\dt_model_md200_mss10_msl3.joblib,34.60855793952942
113,107,10,5,0.08834014299032274,0.03412345024296577,0.9543940869859877,0.03258982748259395,0.9543940869859877,0.11970050776845778,0.05897556833608502,0.9205014054666364,0.0461870042222714,0.9205013534864919,C:\Users\Pedro\Desktop\ML_Nuclear_Data\ML_Data\Models\DT\dt_model_md200_mss10_msl5.joblib,36.131824016571045
114,79,10,7,0.09442247162141801,0.03806042337364695,0.9488632624097552,0.03593747986515994,0.9488632624097552,0.11924425429493148,0.05816225848127802,0.9211746043994713,0.046686302170806715,0.9211745535413829,C:\Users\Pedro\Desktop\ML_Nuclear_Data\ML_Data\Models\DT\dt_model_md200_mss10_msl7.joblib,35.00062370300293
115,200,15,1,0.07947070036682223,0.02808097251411727,0.9627705010272719,0.029155330686192804,0.9627705010272719,0.12294956724364087,0.06461553407018324,0.9137158763288706,0.04595372808833598,0.9137156282411187,C:\Users\Pedro\Desktop\ML_Nuclear_Data\ML_Data\Models\DT\dt_model_md200_mss15_msl1.joblib,35.61223292350769
116,145,15,3,0.08806790006459594,0.03326897621011901,0.9555868095501514,0.03290651720088417,0.9555868095501514,0.12087878622340176,0.05993608313258443,0.9192756281905161,0.04646346978849092,0.9192756022085479,C:\Users\Pedro\Desktop\ML_Nuclear_Data\ML_Data\Models\DT\dt_model_md200_mss15_msl3.joblib,35.6512405872345
117,107,15,5,0.09151698671362514,0.035704762724428726,0.9521796018700173,0.034610779845684975,0.9521796018700173,0.11959537466530094,0.058308495112678355,0.921195244764988,0.04671196170678826,0.9211952193220481,C:\Users\Pedro\Desktop\ML_Nuclear_Data\ML_Data\Models\DT\dt_model_md200_mss15_msl5.joblib,35.20362067222595
118,79,15,7,0.09475267560536628,0.0382319118191972,0.9486210181152179,0.03613096560611179,0.9486210181152179,0.11930196070925969,0.05815758501982078,0.9211628392059523,0.046761305557607824,0.9211628079374831,C:\Users\Pedro\Desktop\ML_Nuclear_Data\ML_Data\Models\DT\dt_model_md200_mss15_msl7.joblib,34.24749445915222
119,93,15,10,0.10068095894378049,0.042411239039823585,0.9426825936628288,0.039286183834041644,0.9426825936628288,0.1199432328649478,0.058338833498372954,0.9204145257526373,0.047656647310883926,0.9204144240951389,C:\Users\Pedro\Desktop\ML_Nuclear_Data\ML_Data\Models\DT\dt_model_md200_mss15_msl10.joblib,34.1524772644043
120,220,2,1,0.025828183943530772,0.010818774042850065,0.9859774875324206,0.0,0.9859774875324206,0.13537922166563562,0.08170807190318921,0.8937538476889662,0.04745064858011999,0.8937529905235013,C:\Users\Pedro\Desktop\ML_Nuclear_Data\ML_Data\Models\DT\dt_model_md220_mss2_msl1.joblib,38.52974343299866
121,220,5,1,0.0518771002294892,0.016563129968367167,0.9783710321090956,0.014007379333170533,0.9783710321090956,0.13049933974169384,0.07504858023007299,0.9014889411049906,0.046541794245742896,0.9014887872870664,C:\Users\Pedro\Desktop\ML_Nuclear_Data\ML_Data\Models\DT\dt_model_md220_mss5_msl1.joblib,36.3863685131073
122,146,5,3,0.07773279692422846,0.028254178279481186,0.9625322625024182,0.026598633717754117,0.9625322625024182,0.12281164934763454,0.06313597278863019,0.9156098517883452,0.04590283228274927,0.9156096063046371,C:\Users\Pedro\Desktop\ML_Nuclear_Data\ML_Data\Models\DT\dt_model_md220_mss5_msl3.joblib,35.405696868896484
123,220,10,1,0.0699500415929845,0.023546526578470197,0.9689687796071986,0.024072913273545833,0.9689687796071986,0.12514052962227826,0.06827378891741091,0.9094381858948276,0.0457109176005438,0.9094379516713045,C:\Users\Pedro\Desktop\ML_Nuclear_Data\ML_Data\Models\DT\dt_model_md220_mss10_msl1.joblib,35.89078164100647
124,146,10,3,0.08248766740534709,0.030475781666209702,0.9594667911501397,0.02958504605705306,0.9594667911501397,0.12171054848686448,0.06161327326510314,0.9173512861627973,0.0460758128695824,0.9173512207776672,C:\Users\Pedro\Desktop\ML_Nuclear_Data\ML_Data\Models\DT\dt_model_md220_mss10_msl3.joblib,35.19966197013855
125,107,10,5,0.08834014299032274,0.03412345024296578,0.9543940869859877,0.03258982748259398,0.9543940869859877,0.11969938609428464,0.058976542676324,0.9204983734384516,0.04618608749493447,0.9204983157587668,C:\Users\Pedro\Desktop\ML_Nuclear_Data\ML_Data\Models\DT\dt_model_md220_mss10_msl5.joblib,35.839272260665894
126,79,10,7,0.09442247162141801,0.03806042337364695,0.9488632624097552,0.03593747986515994,0.9488632624097552,0.11924194052125534,0.05815804588521398,0.9211795673446376,0.04668765377682038,0.9211795172559977,C:\Users\Pedro\Desktop\ML_Nuclear_Data\ML_Data\Models\DT\dt_model_md220_mss10_msl7.joblib,35.54822254180908
127,220,15,1,0.07946310824829131,0.02807824697015781,0.9627742490440692,0.029152642057009848,0.9627742490440692,0.1229682339344127,0.06468048866678114,0.9136283663156949,0.045954627716617846,0.9136281353028887,C:\Users\Pedro\Desktop\ML_Nuclear_Data\ML_Data\Models\DT\dt_model_md220_mss15_msl1.joblib,45.768012046813965
128,145,15,3,0.08806790006459594,0.033268976210119004,0.9555868095501514,0.03290651720088422,0.9555868095501514,0.1208799663854601,0.059934031119112316,0.9192777526213837,0.04646461534544111,0.9192777276660503,C:\Users\Pedro\Desktop\ML_Nuclear_Data\ML_Data\Models\DT\dt_model_md220_mss15_msl3.joblib,36.07131361961365
129,107,15,5,0.09151698671362514,0.035704762724428726,0.9521796018700173,0.034610779845684975,0.9521796018700173,0.1196003620300245,0.058319300680853906,0.9211789491389987,0.04671281844154285,0.9211789198875945,C:\Users\Pedro\Desktop\ML_Nuclear_Data\ML_Data\Models\DT\dt_model_md220_mss15_msl5.joblib,35.917786598205566
130,79,15,7,0.09475267560536627,0.0382319118191972,0.9486210181152179,0.03613096560611179,0.9486210181152179,0.11931703950650217,0.05818535650251079,0.9211287153502086,0.046761305557607824,0.9211286790671754,C:\Users\Pedro\Desktop\ML_Nuclear_Data\ML_Data\Models\DT\dt_model_md220_mss15_msl7.joblib,35.85677742958069
131,93,15,10,0.10068095894378049,0.042411239039823585,0.9426825936628288,0.039286183834041644,0.9426825936628288,0.11994529314535834,0.05833482611257806,0.9204155356749257,0.04765877618764591,0.9204154256252067,C:\Users\Pedro\Desktop\ML_Nuclear_Data\ML_Data\Models\DT\dt_model_md220_mss15_msl10.joblib,35.43970203399658
132,240,2,1,0.025817540135636627,0.010815199523244029,0.9859821855112221,0.0,0.9859821855112221,0.13537742820140294,0.08170668837960286,0.8937671944323937,0.04744710162932986,0.8937663528432966,C:\Users\Pedro\Desktop\ML_Nuclear_Data\ML_Data\Models\DT\dt_model_md240_mss2_msl1.joblib,39.345386266708374
133,240,5,1,0.05186919392051175,0.016560419559705313,0.9783746480375123,0.014005750249412197,0.9783746480375123,0.130498396272494,0.075055413958766,0.9014900545772044,0.04653429790429575,0.9014899174561181,C:\Users\Pedro\Desktop\ML_Nuclear_Data\ML_Data\Models\DT\dt_model_md240_mss5_msl1.joblib,36.92196273803711
134,146,5,3,0.07773279692422846,0.028254178279481186,0.9625322625024182,0.026598633717754006,0.9625322625024182,0.12282879655325715,0.06316822454674133,0.9155710993602703,0.04590469568711508,0.9155708462636815,C:\Users\Pedro\Desktop\ML_Nuclear_Data\ML_Data\Models\DT\dt_model_md240_mss5_msl3.joblib,35.226665019989014
135,240,10,1,0.06994311691677448,0.023544153980310983,0.968972003396511,0.024071131125438572,0.968972003396511,0.1251268297425907,0.06825249036203594,0.9094642311628418,0.0457083680137389,0.9094640039749765,C:\Users\Pedro\Desktop\ML_Nuclear_Data\ML_Data\Models\DT\dt_model_md240_mss10_msl1.joblib,35.825772523880005
136,146,10,3,0.08248766740534709,0.030475781666209702,0.9594667911501397,0.02958504605705306,0.9594667911501397,0.1217192638876641,0.061626659910741455,0.9173302899091268,0.04607661135260244,0.9173302230347508,C:\Users\Pedro\Desktop\ML_Nuclear_Data\ML_Data\Models\DT\dt_model_md240_mss10_msl3.joblib,35.76226043701172
137,107,10,5,0.08834014299032274,0.03412345024296577,0.9543940869859877,0.03258982748259395,0.9543940869859877,0.11970747863267306,0.05898407216703383,0.9204895497743562,0.04618727516168614,0.920489491529305,C:\Users\Pedro\Desktop\ML_Nuclear_Data\ML_Data\Models\DT\dt_model_md240_mss10_msl5.joblib,35.79226517677307
138,79,10,7,0.09442247162141801,0.03806042337364695,0.9488632624097552,0.03593747986515994,0.9488632624097552,0.11924328975414408,0.05816234861578281,0.9211740054466996,0.046685993987342744,0.9211739548239499,C:\Users\Pedro\Desktop\ML_Nuclear_Data\ML_Data\Models\DT\dt_model_md240_mss10_msl7.joblib,36.00980281829834
139,240,15,1,0.07945708977538234,0.028076319813148568,0.9627768991470922,0.029150594737514635,0.9627768991470922,0.12295534959805542,0.0646261632546012,0.9137078995407254,0.04595514637627478,0.9137076437347392,C:\Users\Pedro\Desktop\ML_Nuclear_Data\ML_Data\Models\DT\dt_model_md240_mss15_msl1.joblib,35.896782636642456
140,145,15,3,0.08806790006459594,0.033268976210119004,0.9555868095501514,0.03290651720088417,0.9555868095501514,0.12087838801027147,0.059936685461856536,0.9192758886998239,0.04646346978849092,0.9192758678177928,C:\Users\Pedro\Desktop\ML_Nuclear_Data\ML_Data\Models\DT\dt_model_md240_mss15_msl3.joblib,35.94579195976257
141,107,15,5,0.09151698671362514,0.035704762724428726,0.9521796018700173,0.034610779845684975,0.9521796018700173,0.11959853936195285,0.05830679083369468,0.9211990477081473,0.04671418496249624,0.9211990211257646,C:\Users\Pedro\Desktop\ML_Nuclear_Data\ML_Data\Models\DT\dt_model_md240_mss15_msl5.joblib,35.45320534706116
142,79,15,7,0.09475267560536628,0.0382319118191972,0.9486210181152179,0.03613096560611179,0.9486210181152179,0.11930789643359452,0.05815941433617605,0.9211618133194968,0.04676132105974107,0.9211617841927526,C:\Users\Pedro\Desktop\ML_Nuclear_Data\ML_Data\Models\DT\dt_model_md240_mss15_msl7.joblib,35.15815353393555
143,93,15,10,0.10068095894378049,0.042411239039823585,0.9426825936628288,0.039286183834041644,0.9426825936628288,0.11994931774515911,0.0583447248189607,0.9204032972212519,0.04765823985342221,0.9204031875964873,C:\Users\Pedro\Desktop\ML_Nuclear_Data\ML_Data\Models\DT\dt_model_md240_mss15_msl10.joblib,34.82909607887268
144,260,2,1,0.025807337058809086,0.010811778604672716,0.9859866815719471,0.0,0.985986681571947,0.13542940519738886,0.082187159628847,0.8932250812498522,0.04745633368870106,0.8932241651677758,C:\Users\Pedro\Desktop\ML_Nuclear_Data\ML_Data\Models\DT\dt_model_md260_mss2_msl1.joblib,38.651268005371094
145,260,5,1,0.05186140319758985,0.01655778971572023,0.978378156460953,0.014004531907589213,0.978378156460953,0.1304896535644951,0.07502994311521252,0.9015335757248872,0.046532676441221055,0.9015334240067385,C:\Users\Pedro\Desktop\ML_Nuclear_Data\ML_Data\Models\DT\dt_model_md260_mss5_msl1.joblib,37.84112310409546
146,146,5,3,0.07773279383718801,0.028254178251704818,0.9625322625406325,0.026598633717754006,0.9625322625406325,0.12282859871412097,0.06316399995514335,0.9155799673780008,0.04590603542331295,0.9155797273551132,C:\Users\Pedro\Desktop\ML_Nuclear_Data\ML_Data\Models\DT\dt_model_md260_mss5_msl3.joblib,36.35583734512329
147,260,10,1,0.06993642169217067,0.023541905544972624,0.9689750584598571,0.02406918955650708,0.9689750584598571,0.1251535066495405,0.06831608482256127,0.9093837745730633,0.045709339725581444,0.9093835415607259,C:\Users\Pedro\Desktop\ML_Nuclear_Data\ML_Data\Models\DT\dt_model_md260_mss10_msl1.joblib,36.030808210372925
148,146,10,3,0.08248766740534709,0.030475781666209702,0.9594667911501397,0.02958504605705306,0.9594667911501397,0.12171151449549535,0.0616118503563612,0.9173532150436412,0.04607626202571746,0.9173531497276448,C:\Users\Pedro\Desktop\ML_Nuclear_Data\ML_Data\Models\DT\dt_model_md260_mss10_msl3.joblib,35.77026176452637
149,107,10,5,0.08834014299032274,0.03412345024296577,0.9543940869859877,0.03258982748259395,0.9543940869859877,0.1197024011152136,0.05898518685155949,0.9204891375402661,0.04618608749493447,0.9204890835137197,C:\Users\Pedro\Desktop\ML_Nuclear_Data\ML_Data\Models\DT\dt_model_md260_mss10_msl5.joblib,35.105146169662476
150,79,10,7,0.09442247162141801,0.03806042337364695,0.9488632624097552,0.03593747986515994,0.9488632624097552,0.11924953679450373,0.05816980261978634,0.9211662716455568,0.046685993987342744,0.9211662207113629,C:\Users\Pedro\Desktop\ML_Nuclear_Data\ML_Data\Models\DT\dt_model_md260_mss10_msl7.joblib,35.03063154220581
151,260,15,1,0.07945051508200351,0.028074116034225573,0.9627799296262762,0.029148679880163342,0.9627799296262762,0.12297441228926902,0.06465844522919867,0.9136645835582818,0.0459507147994902,0.913664325262807,C:\Users\Pedro\Desktop\ML_Nuclear_Data\ML_Data\Models\DT\dt_model_md260_mss15_msl1.joblib,35.835272550582886
152,145,15,3,0.08806790006459594,0.033268976210119004,0.9555868095501514,0.03290651720088417,0.9555868095501514,0.12088736688952743,0.059951267662897725,0.9192559696710474,0.0464623457900224,0.9192559434269006,C:\Users\Pedro\Desktop\ML_Nuclear_Data\ML_Data\Models\DT\dt_model_md260_mss15_msl3.joblib,35.38819646835327
153,107,15,5,0.09151698671362514,0.035704762724428726,0.9521796018700173,0.034610779845684975,0.9521796018700173,0.119600527767555,0.05831757058107169,0.9211864999861481,0.04671196170678826,0.9211864753907136,C:\Users\Pedro\Desktop\ML_Nuclear_Data\ML_Data\Models\DT\dt_model_md260_mss15_msl5.joblib,35.074138879776
154,79,15,7,0.09475267560536628,0.0382319118191972,0.9486210181152179,0.03613096560611179,0.9486210181152179,0.11931447528739839,0.05817890104876296,0.9211339092608144,0.04676132105974107,0.9211338723252421,C:\Users\Pedro\Desktop\ML_Nuclear_Data\ML_Data\Models\DT\dt_model_md260_mss15_msl7.joblib,36.17583107948303
155,93,15,10,0.10068095894378049,0.042411239039823585,0.9426825936628288,0.039286183834041644,0.9426825936628288,0.11995258020719939,0.05834936451204553,0.9203973278388183,0.047662169937774515,0.9203972152687198,C:\Users\Pedro\Desktop\ML_Nuclear_Data\ML_Data\Models\DT\dt_model_md260_mss15_msl10.joblib,35.23766732215881
156,280,2,1,0.025794546492940062,0.010807478707736868,0.985992332803881,0.0,0.985992332803881,0.13538400990043348,0.08172419689655912,0.8937351925843545,0.04745229017581032,0.8937343761775138,C:\Users\Pedro\Desktop\ML_Nuclear_Data\ML_Data\Models\DT\dt_model_md280_mss2_msl1.joblib,38.80629229545593
157,280,5,1,0.051851591174141114,0.016554097079897828,0.978383082693532,0.014002604445395098,0.978383082693532,0.1305095561017422,0.07507799658802781,0.9014713669729917,0.04653570763234871,0.9014712106818888,C:\Users\Pedro\Desktop\ML_Nuclear_Data\ML_Data\Models\DT\dt_model_md280_mss5_msl1.joblib,37.752607107162476
158,146,5,3,0.07773280479869156,0.028254179456807506,0.9625322608826747,0.026598633717754006,0.9625322608826747,0.12282445583697403,0.06316090726995074,0.9155807269646798,0.045903619726549216,0.9155804793081935,C:\Users\Pedro\Desktop\ML_Nuclear_Data\ML_Data\Models\DT\dt_model_md280_mss5_msl3.joblib,36.28034949302673
159,280,10,1,0.06993001139785081,0.02353986324988188,0.9689778334142827,0.024067483266684273,0.9689778334142827,0.12513049782985722,0.06825263901909846,0.9094607599728706,0.045706906915473855,0.9094605306415497,C:\Users\Pedro\Desktop\ML_Nuclear_Data\ML_Data\Models\DT\dt_model_md280_mss10_msl1.joblib,36.786938190460205
160,146,10,3,0.08248766481391838,0.030475781640163194,0.959466791186186,0.029585046057053116,0.959466791186186,0.12171157577137844,0.06161073610749089,0.9173565678967746,0.04607701203725678,0.9173565051763529,C:\Users\Pedro\Desktop\ML_Nuclear_Data\ML_Data\Models\DT\dt_model_md280_mss10_msl3.joblib,36.18783521652222
161,107,10,5,0.08834014299032274,0.03412345024296578,0.9543940869859877,0.03258982748259395,0.9543940869859877,0.11969141956694551,0.05896505788798438,0.9205111519398882,0.046185347655957054,0.9205110981274849,C:\Users\Pedro\Desktop\ML_Nuclear_Data\ML_Data\Models\DT\dt_model_md280_mss10_msl5.joblib,37.024980783462524
162,79,10,7,0.09442247162141801,0.03806042337364695,0.9488632624097552,0.03593747986515994,0.9488632624097552,0.11924205163609927,0.05816065408276244,0.9211763992869096,0.046686819406135394,0.9211763493317182,C:\Users\Pedro\Desktop\ML_Nuclear_Data\ML_Data\Models\DT\dt_model_md280_mss10_msl7.joblib,35.68074560165405
163,280,15,1,0.0794448446781002,0.028072194117372336,0.9627825724944418,0.02914688674279864,0.9627825724944418,0.12297211640737252,0.06466362670009675,0.9136631333678024,0.0459507147994902,0.9136628787618218,C:\Users\Pedro\Desktop\ML_Nuclear_Data\ML_Data\Models\DT\dt_model_md280_mss15_msl1.joblib,35.794763803482056
164,145,15,3,0.08806790314212105,0.03326897623789648,0.9555868095114223,0.03290651720088417,0.9555868095114223,0.12088151989515059,0.05994254342018123,0.9192666874140104,0.0464623457900224,0.9192666600290955,C:\Users\Pedro\Desktop\ML_Nuclear_Data\ML_Data\Models\DT\dt_model_md280_mss15_msl3.joblib,36.283350706100464
165,107,15,5,0.09151698671362514,0.035704762724428726,0.9521796018700173,0.034610779845684975,0.9521796018700173,0.11960002197740124,0.058317648042430885,0.9211814461551844,0.046713078399483354,0.9211814178316832,C:\Users\Pedro\Desktop\ML_Nuclear_Data\ML_Data\Models\DT\dt_model_md280_mss15_msl5.joblib,35.3816921710968
166,79,15,7,0.09475267560536628,0.0382319118191972,0.9486210181152179,0.03613096560611179,0.9486210181152179,0.11932192180389363,0.05819134493936965,0.9211213741683999,0.04676270721613307,0.9211213374305817,C:\Users\Pedro\Desktop\ML_Nuclear_Data\ML_Data\Models\DT\dt_model_md280_mss15_msl7.joblib,36.0998170375824
167,93,15,10,0.10068095894378049,0.042411239039823585,0.9426825936628288,0.039286183834041644,0.9426825936628288,0.11995154871243607,0.058346412991768244,0.9204026662061976,0.04765877618764591,0.92040255296918,C:\Users\Pedro\Desktop\ML_Nuclear_Data\ML_Data\Models\DT\dt_model_md280_mss15_msl10.joblib,35.879780530929565
168,300,2,1,0.025790564227686223,0.010806153100656113,0.9859940749987655,0.0,0.9859940749987655,0.13538056183806732,0.08169549320874006,0.8937634368174454,0.047451877568779166,0.8937625334835213,C:\Users\Pedro\Desktop\ML_Nuclear_Data\ML_Data\Models\DT\dt_model_md300_mss2_msl1.joblib,39.61743450164795
169,300,5,1,0.051848865767330936,0.016553543222294086,0.9783838215739343,0.014002168188956166,0.9783838215739343,0.13051043854963648,0.0750539177132346,0.9014891766585106,0.04653451371217415,0.901489014864933,C:\Users\Pedro\Desktop\ML_Nuclear_Data\ML_Data\Models\DT\dt_model_md300_mss5_msl1.joblib,37.35803961753845
170,146,5,3,0.07773279692422846,0.028254178279481193,0.9625322625024182,0.026598633717754006,0.9625322625024182,0.12282200272228275,0.06315058341653507,0.915592395019238,0.045903876250043885,0.9155921533611633,C:\Users\Pedro\Desktop\ML_Nuclear_Data\ML_Data\Models\DT\dt_model_md300_mss5_msl3.joblib,37.09599208831787
171,300,10,1,0.0699275640032297,0.023539046763278237,0.9689789428056672,0.024066853095669558,0.9689789428056672,0.1251379894897572,0.06826347846097044,0.909448913997343,0.045707579678184285,0.9094486831408359,C:\Users\Pedro\Desktop\ML_Nuclear_Data\ML_Data\Models\DT\dt_model_md300_mss10_msl1.joblib,36.258846282958984
172,146,10,3,0.08248766740534709,0.03047578166620971,0.9594667911501397,0.02958504605705306,0.9594667911501397,0.1217084908640741,0.061600571740028615,0.9173651615458925,0.04607606182571411,0.9173650851142757,C:\Users\Pedro\Desktop\ML_Nuclear_Data\ML_Data\Models\DT\dt_model_md300_mss10_msl3.joblib,36.36236524581909
173,107,10,5,0.08834014299032274,0.034123450242965786,0.9543940869859876,0.03258982748259395,0.9543940869859876,0.119719393844548,0.05900769928821998,0.9204601306870852,0.0461870042222714,0.9204600703520985,C:\Users\Pedro\Desktop\ML_Nuclear_Data\ML_Data\Models\DT\dt_model_md300_mss10_msl5.joblib,36.293351888656616
174,79,10,7,0.09442247162141801,0.03806042337364695,0.9488632624097552,0.03593747986515994,0.9488632624097552,0.11925199331992943,0.058171369294148276,0.9211630076626351,0.046686302170806715,0.9211629555374119,C:\Users\Pedro\Desktop\ML_Nuclear_Data\ML_Data\Models\DT\dt_model_md300_mss10_msl7.joblib,35.68024516105652
175,300,15,1,0.07944285359776898,0.028071529461425784,0.9627834864736369,0.029146330424993983,0.9627834864736369,0.12297325522506755,0.06466810491287414,0.9136515378693233,0.045952170734479436,0.913651295504728,C:\Users\Pedro\Desktop\ML_Nuclear_Data\ML_Data\Models\DT\dt_model_md300_mss15_msl1.joblib,36.922961711883545
176,145,15,3,0.08806790314212105,0.03326897623789649,0.9555868095114222,0.032906517200884056,0.9555868095114222,0.12087645226763606,0.05993529469012719,0.9192753099789746,0.04646480556327509,0.9192752863468844,C:\Users\Pedro\Desktop\ML_Nuclear_Data\ML_Data\Models\DT\dt_model_md300_mss15_msl3.joblib,36.38586735725403
177,107,15,5,0.09151698671362514,0.035704762724428726,0.9521796018700173,0.034610779845684975,0.9521796018700173,0.11960149616073573,0.05832095401768034,0.9211773430120752,0.04671343609975476,0.9211773175307019,C:\Users\Pedro\Desktop\ML_Nuclear_Data\ML_Data\Models\DT\dt_model_md300_mss15_msl5.joblib,35.734755516052246
178,79,15,7,0.09475267560536628,0.0382319118191972,0.9486210181152179,0.03613096560611179,0.9486210181152179,0.11931693392080688,0.05818299329030521,0.9211299783405048,0.04676270721613307,0.9211299432747609,C:\Users\Pedro\Desktop\ML_Nuclear_Data\ML_Data\Models\DT\dt_model_md300_mss15_msl7.joblib,36.422374963760376
179,93,15,10,0.10068095894378049,0.042411239039823585,0.9426825936628288,0.039286183834041644,0.9426825936628288,0.11994883046292401,0.0583461458655185,0.9204028562496223,0.047658776187646135,0.9204027478350255,C:\Users\Pedro\Desktop\ML_Nuclear_Data\ML_Data\Models\DT\dt_model_md300_mss15_msl10.joblib,34.62305974960327
