id,max_depth,mss,msl,mt_strategy,normalizer,train_mae,train_mse,train_evs,train_mae_m,train_r2,val_mae,val_mse,val_evs,val_mae_m,val_r2,test_mae,test_mse,test_evs,test_mae_m,test_r2,model_path,training_time,scaler_path
1,60,2,1,one_hot,none,0.0271954980209405,0.0115287702299516,0.985035949398479,0.0,0.985035949398479,0.1344499250893848,0.0805841217544011,0.895920194821394,0.0473825960869943,0.8959201650512093,0.1347588589554891,0.0799423239835922,0.89623185518897,0.0473003294133135,0.8962317073342017,E:\ML_Models_EXFOR\DT_B4\DT60_MSS2_MSL1_none_one_hot_B4_v1\DT60_MSS2_MSL1_none_one_hot_B4_v1.joblib,340.13154768943787,E:\ML_Models_EXFOR\DT_B4\DT60_MSS2_MSL1_none_one_hot_B4_v1\scaler.pkl
6,60,5,1,one_hot,none,0.0529154858657737,0.0171185920834039,0.9776181121798588,0.0141770036946221,0.9776181121798588,0.1297200599185131,0.0739448079875954,0.9035402126213978,0.0463171740379871,0.903540061982726,0.130418652607311,0.0739663877058178,0.9029734206299668,0.0464552463344118,0.9029734126291866,E:\ML_Models_EXFOR\DT_B4\DT60_MSS5_MSL1_none_one_hot_B4_v1\DT60_MSS5_MSL1_none_one_hot_B4_v1.joblib,320.2446494102478,E:\ML_Models_EXFOR\DT_B4\DT60_MSS5_MSL1_none_one_hot_B4_v1\scaler.pkl
7,60,5,3,one_hot,none,0.0779197565547864,0.0283618363096089,0.9623647695885424,0.0267333442480144,0.9623647695885424,0.1224997532283885,0.0627016438469177,0.9167636578008548,0.0457108523010957,0.9167619260257688,0.1231774501410993,0.0626722136748909,0.916500505374527,0.0458591775540262,0.916500364823676,E:\ML_Models_EXFOR\DT_B4\DT60_MSS5_MSL3_none_one_hot_B4_v1\DT60_MSS5_MSL3_none_one_hot_B4_v1.joblib,317.00582671165466,E:\ML_Models_EXFOR\DT_B4\DT60_MSS5_MSL3_none_one_hot_B4_v1\scaler.pkl
11,60,10,1,one_hot,none,0.0707914534100614,0.0238788799374769,0.9685008862029952,0.0243415650568137,0.9685008862029952,0.1244170436270054,0.066668956968443,0.912068280283356,0.0455856521917587,0.912068186811698,0.1254535956936304,0.0676263641760769,0.9104886063585028,0.0458689084115367,0.9104885526628126,E:\ML_Models_EXFOR\DT_B4\DT60_MSS10_MSL1_none_one_hot_B4_v1\DT60_MSS10_MSL1_none_one_hot_B4_v1.joblib,321.63007164001465,E:\ML_Models_EXFOR\DT_B4\DT60_MSS10_MSL1_none_one_hot_B4_v1\scaler.pkl
12,60,10,3,one_hot,none,0.0826425008056474,0.0305338318170696,0.95936548703697,0.0297353036329203,0.95936548703697,0.1213080984621079,0.0609353223576,0.918822899108215,0.0458307933051189,0.9188219729838912,0.122159606191717,0.0611490473425565,0.9182541190763456,0.0462335975906358,0.918253972872212,E:\ML_Models_EXFOR\DT_B4\DT60_MSS10_MSL3_none_one_hot_B4_v1\DT60_MSS10_MSL3_none_one_hot_B4_v1.joblib,318.8817710876465,E:\ML_Models_EXFOR\DT_B4\DT60_MSS10_MSL3_none_one_hot_B4_v1\scaler.pkl
13,60,10,5,one_hot,none,0.0885206925020584,0.0343075944128187,0.9541129015302824,0.0327280553549628,0.9541129015302824,0.1194795743272023,0.0588834171416903,0.9212997377287716,0.0457728751991267,0.9212995145515552,0.1198161547457058,0.058283321883999,0.9217013448748472,0.0461796493371222,0.9217013419595204,E:\ML_Models_EXFOR\DT_B4\DT60_MSS10_MSL5_none_one_hot_B4_v1\DT60_MSS10_MSL5_none_one_hot_B4_v1.joblib,313.7582149505615,E:\ML_Models_EXFOR\DT_B4\DT60_MSS10_MSL5_none_one_hot_B4_v1\scaler.pkl
14,60,10,7,one_hot,none,0.0946118634592944,0.0381510796693532,0.948708486311705,0.0360805108931781,0.948708486311705,0.1187685407298384,0.0577525090911672,0.9223908639506088,0.0463049202220201,0.9223907273828096,0.1193633687788188,0.057262405080371,0.9226613414708764,0.0467461127534079,0.922661338115486,E:\ML_Models_EXFOR\DT_B4\DT60_MSS10_MSL7_none_one_hot_B4_v1\DT60_MSS10_MSL7_none_one_hot_B4_v1.joblib,320.4547181129456,E:\ML_Models_EXFOR\DT_B4\DT60_MSS10_MSL7_none_one_hot_B4_v1\scaler.pkl
16,60,15,1,one_hot,none,0.0801799073954779,0.0283584233320864,0.9623694689235152,0.0294323830063509,0.9623694689235152,0.1221743932045422,0.0632785661383856,0.9159050711042764,0.045675483869295,0.9159049158380428,0.1232309699449222,0.0643153675037133,0.9143120858840184,0.0459835344820711,0.9143120573600868,E:\ML_Models_EXFOR\DT_B4\DT60_MSS15_MSL1_none_one_hot_B4_v1\DT60_MSS15_MSL1_none_one_hot_B4_v1.joblib,326.13528418540955,E:\ML_Models_EXFOR\DT_B4\DT60_MSS15_MSL1_none_one_hot_B4_v1\scaler.pkl
17,60,15,3,one_hot,none,0.0882165924728812,0.033339030693617,0.9554660675397434,0.0330034818236237,0.9554660675397436,0.1203515115912879,0.0593143131080414,0.9206472871025636,0.046151850062414,0.9206466286982968,0.1212155836142206,0.0596403419999788,0.9199448302020902,0.046445140500056,0.9199448024368232,E:\ML_Models_EXFOR\DT_B4\DT60_MSS15_MSL3_none_one_hot_B4_v1\DT60_MSS15_MSL3_none_one_hot_B4_v1.joblib,319.8521614074707,E:\ML_Models_EXFOR\DT_B4\DT60_MSS15_MSL3_none_one_hot_B4_v1\scaler.pkl
18,60,15,5,one_hot,none,0.0916952575758383,0.0359067902289197,0.9518709990742972,0.034678603044503,0.9518709990742972,0.1192953599121292,0.0582898927870288,0.9218836046950716,0.0461202641353534,0.9218833639684167,0.1198767822095757,0.0577887956132678,0.922175671524562,0.0466014238293911,0.922175670597402,E:\ML_Models_EXFOR\DT_B4\DT60_MSS15_MSL5_none_one_hot_B4_v1\DT60_MSS15_MSL5_none_one_hot_B4_v1.joblib,328.3007833957672,E:\ML_Models_EXFOR\DT_B4\DT60_MSS15_MSL5_none_one_hot_B4_v1\scaler.pkl
19,60,15,7,one_hot,none,0.0949305981549856,0.0383136864275958,0.9484786093827732,0.0362736956075306,0.9484786093827732,0.1188817001801498,0.0577878432491333,0.9223252895625188,0.0464283552761131,0.9223251693130256,0.1194443565014065,0.0572435281787172,0.9226629491937798,0.0468381157222554,0.9226629466124544,E:\ML_Models_EXFOR\DT_B4\DT60_MSS15_MSL7_none_one_hot_B4_v1\DT60_MSS15_MSL7_none_one_hot_B4_v1.joblib,325.1605224609375,E:\ML_Models_EXFOR\DT_B4\DT60_MSS15_MSL7_none_one_hot_B4_v1\scaler.pkl
20,60,15,10,one_hot,none,0.1008799946997184,0.0425705404457612,0.9424247311761332,0.0394600467963406,0.9424247311761332,0.1195033386508025,0.0576953113072094,0.921903014279582,0.0474390483842749,0.9219029164992096,0.1198278740084356,0.057301059556167,0.92203102748482,0.0476578706476341,0.9220309337651802,E:\ML_Models_EXFOR\DT_B4\DT60_MSS15_MSL10_none_one_hot_B4_v1\DT60_MSS15_MSL10_none_one_hot_B4_v1.joblib,315.842209815979,E:\ML_Models_EXFOR\DT_B4\DT60_MSS15_MSL10_none_one_hot_B4_v1\scaler.pkl
21,70,2,1,one_hot,none,0.0267799069113445,0.0112920032869274,0.985347769756295,0.0,0.985347769756295,0.1344610348152163,0.080637055685758,0.8959185167053293,0.0472855851193126,0.8959185081344564,0.1347695898729619,0.0800692697480238,0.8961080107726032,0.0472029583675481,0.8961078362258241,E:\ML_Models_EXFOR\DT_B4\DT70_MSS2_MSL1_none_one_hot_B4_v1\DT70_MSS2_MSL1_none_one_hot_B4_v1.joblib,340.61993312835693,E:\ML_Models_EXFOR\DT_B4\DT70_MSS2_MSL1_none_one_hot_B4_v1\scaler.pkl
26,70,5,1,one_hot,none,0.0525950675243868,0.0169142014405152,0.9778912531112112,0.0141161859301658,0.9778912531112112,0.1296497096010051,0.0736099423422693,0.903948097455294,0.046247348653459,0.9039479396664154,0.1304804146908935,0.0740302733074054,0.9029184840258792,0.0464059044955489,0.9029184640275532,E:\ML_Models_EXFOR\DT_B4\DT70_MSS5_MSL1_none_one_hot_B4_v1\DT70_MSS5_MSL1_none_one_hot_B4_v1.joblib,322.5158262252808,E:\ML_Models_EXFOR\DT_B4\DT70_MSS5_MSL1_none_one_hot_B4_v1\scaler.pkl
27,70,5,3,one_hot,none,0.0778220345745095,0.0282748967613393,0.9624844635445852,0.0267137653273842,0.9624844635445852,0.1224643788187261,0.0625672261625741,0.9169178599995954,0.0456966076958565,0.9169160460599456,0.123190484754951,0.0627072459775023,0.9164662076039464,0.0458381030469904,0.9164660477769224,E:\ML_Models_EXFOR\DT_B4\DT70_MSS5_MSL3_none_one_hot_B4_v1\DT70_MSS5_MSL3_none_one_hot_B4_v1.joblib,366.1026351451874,E:\ML_Models_EXFOR\DT_B4\DT70_MSS5_MSL3_none_one_hot_B4_v1\scaler.pkl
31,70,10,1,one_hot,none,0.0705440343790394,0.0237129942949814,0.9687265526642318,0.0242736098504808,0.9687265526642318,0.1244179298411145,0.0668032463370167,0.9119192102949218,0.0455396270044684,0.9119191261807612,0.125417503623605,0.0674705797671138,0.9106772129961898,0.0458218305684652,0.910677154536712,E:\ML_Models_EXFOR\DT_B4\DT70_MSS10_MSL1_none_one_hot_B4_v1\DT70_MSS10_MSL1_none_one_hot_B4_v1.joblib,418.432596206665,E:\ML_Models_EXFOR\DT_B4\DT70_MSS10_MSL1_none_one_hot_B4_v1\scaler.pkl
32,70,10,3,one_hot,none,0.0825555962389112,0.0304547522768304,0.9594749911440482,0.0297160725089409,0.9594749911440484,0.1212861300077388,0.0609020667155902,0.9188840761080228,0.0458145480527155,0.9188831055346276,0.1220985361119217,0.061068697444519,0.9183715535533536,0.0462098958805984,0.9183714224720124,E:\ML_Models_EXFOR\DT_B4\DT70_MSS10_MSL3_none_one_hot_B4_v1\DT70_MSS10_MSL3_none_one_hot_B4_v1.joblib,370.79209995269775,E:\ML_Models_EXFOR\DT_B4\DT70_MSS10_MSL3_none_one_hot_B4_v1\scaler.pkl
33,70,10,5,one_hot,none,0.0884697793433305,0.0342570557715714,0.9541835950071328,0.032716315208561,0.9541835950071328,0.1194491126213718,0.0588225274109595,0.92138649089,0.0457647734867741,0.9213862731644932,0.1197976386417233,0.0583239857253711,0.9216689635245934,0.046161067536786,0.9216689635202844,E:\ML_Models_EXFOR\DT_B4\DT70_MSS10_MSL5_none_one_hot_B4_v1\DT70_MSS10_MSL5_none_one_hot_B4_v1.joblib,399.7330043315888,E:\ML_Models_EXFOR\DT_B4\DT70_MSS10_MSL5_none_one_hot_B4_v1\scaler.pkl
34,70,10,7,one_hot,none,0.0945810693339125,0.0381215087797239,0.9487502798332438,0.0360722376647828,0.9487502798332438,0.118787582479078,0.0578420250969557,0.9222742996379754,0.0462875730165984,0.922274146908482,0.1193426622261789,0.0572279485011616,0.9227114842445908,0.0467425554150651,0.9227114706229425,E:\ML_Models_EXFOR\DT_B4\DT70_MSS10_MSL7_none_one_hot_B4_v1\DT70_MSS10_MSL7_none_one_hot_B4_v1.joblib,360.1015112400055,E:\ML_Models_EXFOR\DT_B4\DT70_MSS10_MSL7_none_one_hot_B4_v1\scaler.pkl
36,70,15,1,one_hot,none,0.0799733463039645,0.0282217073790742,0.9625576783715636,0.0293658143237747,0.9625576783715636,0.1222171067071288,0.0635160716462365,0.9156293862757116,0.0456263911932414,0.9156292898384426,0.1232448359984547,0.0643600413311142,0.9142558433755436,0.0459417600742899,0.9142558100971536,E:\ML_Models_EXFOR\DT_B4\DT70_MSS15_MSL1_none_one_hot_B4_v1\DT70_MSS15_MSL1_none_one_hot_B4_v1.joblib,386.7260024547577,E:\ML_Models_EXFOR\DT_B4\DT70_MSS15_MSL1_none_one_hot_B4_v1\scaler.pkl
37,70,15,3,one_hot,none,0.088144683352881,0.0332739183871651,0.955556909383024,0.032986090297685,0.955556909383024,0.1203589779809099,0.0593721512129968,0.9205910761962176,0.0461266754426795,0.9205904438997722,0.1211921881404209,0.0595838809370873,0.9200176407003036,0.0464372222862942,0.9200176151257486,E:\ML_Models_EXFOR\DT_B4\DT70_MSS15_MSL3_none_one_hot_B4_v1\DT70_MSS15_MSL3_none_one_hot_B4_v1.joblib,391.8957817554474,E:\ML_Models_EXFOR\DT_B4\DT70_MSS15_MSL3_none_one_hot_B4_v1\scaler.pkl
38,70,15,5,one_hot,none,0.0916466568491573,0.0358588389647089,0.9519383614117736,0.0346677082037361,0.9519383614117736,0.1192920957387898,0.0582759372283367,0.9219132763383876,0.0461141345868595,0.9219130448418232,0.1198698665464969,0.0578196476284676,0.9221400318962292,0.0465840511189761,0.9221400318847928,E:\ML_Models_EXFOR\DT_B4\DT70_MSS15_MSL5_none_one_hot_B4_v1\DT70_MSS15_MSL5_none_one_hot_B4_v1.joblib,352.9469904899597,E:\ML_Models_EXFOR\DT_B4\DT70_MSS15_MSL5_none_one_hot_B4_v1\scaler.pkl
39,70,15,7,one_hot,none,0.0948998242755404,0.0382841226502623,0.94852041112717,0.0362656600954098,0.94852041112717,0.118869454189557,0.057801541964431,0.9223081186370268,0.0464127378028165,0.922308000047552,0.1194147139637374,0.0572227763928295,0.9227006342946776,0.0468246539534661,0.9227006316182892,E:\ML_Models_EXFOR\DT_B4\DT70_MSS15_MSL7_none_one_hot_B4_v1\DT70_MSS15_MSL7_none_one_hot_B4_v1.joblib,368.87900137901306,E:\ML_Models_EXFOR\DT_B4\DT70_MSS15_MSL7_none_one_hot_B4_v1\scaler.pkl
40,70,15,10,one_hot,none,0.1008537828269423,0.0425454105124174,0.9424606742051432,0.0394542773070578,0.9424606742051432,0.1194976836827558,0.0576642614993917,0.9219479515686624,0.0474226908342923,0.9219478486631714,0.1198080242343821,0.0572974097906127,0.922041924665941,0.0476415818470621,0.9220418426103136,E:\ML_Models_EXFOR\DT_B4\DT70_MSS15_MSL10_none_one_hot_B4_v1\DT70_MSS15_MSL10_none_one_hot_B4_v1.joblib,386.8549976348877,E:\ML_Models_EXFOR\DT_B4\DT70_MSS15_MSL10_none_one_hot_B4_v1\scaler.pkl
41,80,2,1,one_hot,none,0.0265499075148785,0.011151394809546,0.985532859446462,0.0,0.985532859446462,0.134408126953989,0.0805651718374869,0.8960020595264976,0.0472363242534466,0.8960020590251375,0.134696264947279,0.079809848568469,0.8964077596234944,0.0471489337841899,0.8964075857328396,E:\ML_Models_EXFOR\DT_B4\DT80_MSS2_MSL1_none_one_hot_B4_v1\DT80_MSS2_MSL1_none_one_hot_B4_v1.joblib,373.6330099105835,E:\ML_Models_EXFOR\DT_B4\DT80_MSS2_MSL1_none_one_hot_B4_v1\scaler.pkl
46,80,5,1,one_hot,none,0.0524062027580367,0.0167900022214164,0.978057157586246,0.0140853230501338,0.978057157586246,0.1296668489135494,0.0737421166132833,0.9038011580799218,0.0462092292900244,0.9038009766981666,0.130475174704678,0.0739258794249629,0.9030586802964108,0.0463598274989722,0.903058651107941,E:\ML_Models_EXFOR\DT_B4\DT80_MSS5_MSL1_none_one_hot_B4_v1\DT80_MSS5_MSL1_none_one_hot_B4_v1.joblib,382.5309991836548,E:\ML_Models_EXFOR\DT_B4\DT80_MSS5_MSL1_none_one_hot_B4_v1\scaler.pkl
47,80,5,3,one_hot,none,0.077772539222129,0.0282276622470977,0.962549482049452,0.0267008087558491,0.962549482049452,0.1224734916270527,0.0626874899366895,0.9167965659760792,0.0456830966955831,0.9167948428008867,0.123158392436844,0.0626648868704274,0.9165157278648136,0.0458160057890805,0.9165155784043494,E:\ML_Models_EXFOR\DT_B4\DT80_MSS5_MSL3_none_one_hot_B4_v1\DT80_MSS5_MSL3_none_one_hot_B4_v1.joblib,378.0969996452332,E:\ML_Models_EXFOR\DT_B4\DT80_MSS5_MSL3_none_one_hot_B4_v1\scaler.pkl
51,80,10,1,one_hot,none,0.0703892114828411,0.0236073970496269,0.9688701529511148,0.0242334396863626,0.9688701529511148,0.1244588786192882,0.0670195731860704,0.9116527915223328,0.0455126261791453,0.911652760385842,0.1254453017201349,0.0675961407493948,0.9105327752707008,0.0457865621881822,0.9105326899728302,E:\ML_Models_EXFOR\DT_B4\DT80_MSS10_MSL1_none_one_hot_B4_v1\DT80_MSS10_MSL1_none_one_hot_B4_v1.joblib,374.7129917144776,E:\ML_Models_EXFOR\DT_B4\DT80_MSS10_MSL1_none_one_hot_B4_v1\scaler.pkl
52,80,10,3,one_hot,none,0.0825095839232951,0.030410368237907,0.9595364411234374,0.0297025957910213,0.9595364411234374,0.1212322750466955,0.0607930652857046,0.9190340033965322,0.0458020533859486,0.9190330348059934,0.1220867904992641,0.0610699438322447,0.9183761944931756,0.0461885596596704,0.9183760596214752,E:\ML_Models_EXFOR\DT_B4\DT80_MSS10_MSL3_none_one_hot_B4_v1\DT80_MSS10_MSL3_none_one_hot_B4_v1.joblib,382.6470077037811,E:\ML_Models_EXFOR\DT_B4\DT80_MSS10_MSL3_none_one_hot_B4_v1\scaler.pkl
53,80,10,5,one_hot,none,0.0884486127935557,0.0342357517706065,0.95421339219118,0.032708340988757,0.95421339219118,0.1194288901645637,0.0588173194469054,0.921395917465872,0.0457432842996219,0.9213957018942852,0.1198206334179042,0.0583492407371615,0.921639410337157,0.0461549573795787,0.9216394100673772,E:\ML_Models_EXFOR\DT_B4\DT80_MSS10_MSL5_none_one_hot_B4_v1\DT80_MSS10_MSL5_none_one_hot_B4_v1.joblib,389.67500352859497,E:\ML_Models_EXFOR\DT_B4\DT80_MSS10_MSL5_none_one_hot_B4_v1\scaler.pkl
54,80,10,7,one_hot,none,0.0945593771173571,0.0380996239249472,0.9487812082865754,0.0360692179502715,0.9487812082865754,0.118740746653842,0.057759616073238,0.9223770919539304,0.0462880552990117,0.9223769289761252,0.1193474629565896,0.0572807984458107,0.922645058576716,0.0467279627357033,0.9226450468605648,E:\ML_Models_EXFOR\DT_B4\DT80_MSS10_MSL7_none_one_hot_B4_v1\DT80_MSS10_MSL7_none_one_hot_B4_v1.joblib,364.05100083351135,E:\ML_Models_EXFOR\DT_B4\DT80_MSS10_MSL7_none_one_hot_B4_v1\scaler.pkl
56,80,15,1,one_hot,none,0.0798415640472204,0.0281312590038997,0.9626821562286392,0.0293273867377567,0.9626821562286392,0.1222173770124834,0.063600164901296,0.9155500112038396,0.0456058095689793,0.9155499562304624,0.1232483806338454,0.0644067173034435,0.9142019650285764,0.045910004547515,0.914201904706219,E:\ML_Models_EXFOR\DT_B4\DT80_MSS15_MSL1_none_one_hot_B4_v1\DT80_MSS15_MSL1_none_one_hot_B4_v1.joblib,378.4900026321411,E:\ML_Models_EXFOR\DT_B4\DT80_MSS15_MSL1_none_one_hot_B4_v1\scaler.pkl
57,80,15,3,one_hot,none,0.0881040534152483,0.0332339930999671,0.9556126035838576,0.0329723499304821,0.9556126035838576,0.1203155603088854,0.0592937175490647,0.9206824834909544,0.0461192857969488,0.9206817918827972,0.1211714304317404,0.0595887004791036,0.9200056960713416,0.0464159360332602,0.920005666195139,E:\ML_Models_EXFOR\DT_B4\DT80_MSS15_MSL3_none_one_hot_B4_v1\DT80_MSS15_MSL3_none_one_hot_B4_v1.joblib,364.4130170345306,E:\ML_Models_EXFOR\DT_B4\DT80_MSS15_MSL3_none_one_hot_B4_v1\scaler.pkl
58,80,15,5,one_hot,none,0.091626903998774,0.0358391175155238,0.9519660637559092,0.0346602337272844,0.9519660637559092,0.119284042831023,0.0583170302517618,0.92187269008001,0.0461095146750637,0.9218724953832234,0.1198760340731459,0.0578415319129606,0.9221171730029548,0.0465681651334976,0.9221171729221656,E:\ML_Models_EXFOR\DT_B4\DT80_MSS15_MSL5_none_one_hot_B4_v1\DT80_MSS15_MSL5_none_one_hot_B4_v1.joblib,386.8679738044739,E:\ML_Models_EXFOR\DT_B4\DT80_MSS15_MSL5_none_one_hot_B4_v1\scaler.pkl
59,80,15,7,one_hot,none,0.0948781320589852,0.0382622377954856,0.9485513531075564,0.0362617599049399,0.9485513531075564,0.1188512276114677,0.0577488869128109,0.9223809583906168,0.0464139741389632,0.9223808500519782,0.1194130945769796,0.0572351683621153,0.9226899375684392,0.0468156291962074,0.9226899321701704,E:\ML_Models_EXFOR\DT_B4\DT80_MSS15_MSL7_none_one_hot_B4_v1\DT80_MSS15_MSL7_none_one_hot_B4_v1.joblib,384.3360078334808,E:\ML_Models_EXFOR\DT_B4\DT80_MSS15_MSL7_none_one_hot_B4_v1\scaler.pkl
60,80,15,10,one_hot,none,0.1008522031397789,0.0425441179945287,0.9424625228112352,0.0394524290275068,0.9424625228112352,0.1194939853969235,0.0576871032072113,0.9219233379768348,0.0474158327081667,0.9219232387720318,0.1198232977230255,0.0573146594699399,0.922015836596264,0.0476400768297901,0.922015752616238,E:\ML_Models_EXFOR\DT_B4\DT80_MSS15_MSL10_none_one_hot_B4_v1\DT80_MSS15_MSL10_none_one_hot_B4_v1.joblib,361.218692779541,E:\ML_Models_EXFOR\DT_B4\DT80_MSS15_MSL10_none_one_hot_B4_v1\scaler.pkl
61,90,2,1,one_hot,none,0.0264054721841988,0.0110692329992332,0.9856409817284484,0.0,0.9856409817284484,0.1344850952431854,0.0808164754152128,0.8957310010166721,0.0471717813647494,0.8957309965080134,0.1347159075795001,0.0800399178482409,0.8961352217545892,0.0471101718058515,0.8961349741899076,E:\ML_Models_EXFOR\DT_B4\DT90_MSS2_MSL1_none_one_hot_B4_v1\DT90_MSS2_MSL1_none_one_hot_B4_v1.joblib,399.5310010910034,E:\ML_Models_EXFOR\DT_B4\DT90_MSS2_MSL1_none_one_hot_B4_v1\scaler.pkl
66,90,5,1,one_hot,none,0.0522833166062975,0.0167169831131744,0.9781546708785084,0.0140615170981229,0.9781546708785084,0.1296505978478345,0.0737246071214985,0.9037972242110148,0.0461726540968337,0.903797085066955,0.1304160727436936,0.0739097996720886,0.9030691482566512,0.046344364816587,0.903069106277212,E:\ML_Models_EXFOR\DT_B4\DT90_MSS5_MSL1_none_one_hot_B4_v1\DT90_MSS5_MSL1_none_one_hot_B4_v1.joblib,372.3820035457611,E:\ML_Models_EXFOR\DT_B4\DT90_MSS5_MSL1_none_one_hot_B4_v1\scaler.pkl
67,90,5,3,one_hot,none,0.0777521065699407,0.0282108564458425,0.962572613339164,0.0266892038390023,0.962572613339164,0.1224554791718879,0.0626663718464331,0.9168239288188572,0.0456498877337101,0.916822151602556,0.1231594965884129,0.062670039932574,0.9165114045595436,0.0457981879305752,0.9165112371362986,E:\ML_Models_EXFOR\DT_B4\DT90_MSS5_MSL3_none_one_hot_B4_v1\DT90_MSS5_MSL3_none_one_hot_B4_v1.joblib,369.9021756649017,E:\ML_Models_EXFOR\DT_B4\DT90_MSS5_MSL3_none_one_hot_B4_v1\scaler.pkl
71,90,10,1,one_hot,none,0.0702866599307249,0.02354476659649,0.9689553043777528,0.0242022524434343,0.9689553043777528,0.1244234456854333,0.0669714951756556,0.9117248945143877,0.0454843007845598,0.9117248626570552,0.1254209270825892,0.067593942867004,0.9105209779708764,0.0457588101426847,0.9105208963917462,E:\ML_Models_EXFOR\DT_B4\DT90_MSS10_MSL1_none_one_hot_B4_v1\DT90_MSS10_MSL1_none_one_hot_B4_v1.joblib,357.9471173286438,E:\ML_Models_EXFOR\DT_B4\DT90_MSS10_MSL1_none_one_hot_B4_v1\scaler.pkl
72,90,10,3,one_hot,none,0.0824905500758131,0.030394833689106,0.9595579470886766,0.0296917154014821,0.9595579470886766,0.1212574272824693,0.0608024729260141,0.9190224139932716,0.0457905373966125,0.9190214679546496,0.122086333464768,0.061071183826428,0.9183775193930528,0.0461756528382273,0.9183773796718512,E:\ML_Models_EXFOR\DT_B4\DT90_MSS10_MSL3_none_one_hot_B4_v1\DT90_MSS10_MSL3_none_one_hot_B4_v1.joblib,384.37400460243225,E:\ML_Models_EXFOR\DT_B4\DT90_MSS10_MSL3_none_one_hot_B4_v1\scaler.pkl
73,90,10,5,one_hot,none,0.088446893824505,0.0342345551572984,0.9542150658032906,0.0327065233897335,0.9542150658032906,0.1194578447465041,0.0589079579361098,0.9212773314839792,0.0457445836300445,0.9212771288197048,0.1198143132519831,0.0583438656068149,0.9216396842974072,0.0461469815445966,0.9216396837981546,E:\ML_Models_EXFOR\DT_B4\DT90_MSS10_MSL5_none_one_hot_B4_v1\DT90_MSS10_MSL5_none_one_hot_B4_v1.joblib,379.7929997444153,E:\ML_Models_EXFOR\DT_B4\DT90_MSS10_MSL5_none_one_hot_B4_v1\scaler.pkl
74,82,10,7,one_hot,none,0.0945592724258826,0.0380995399032877,0.948781327025459,0.0360688404544507,0.948781327025459,0.1187617954362538,0.0577770032956477,0.9223608894848744,0.0462860940264531,0.922360742560792,0.1193196715229757,0.0572148848122073,0.9227315463122698,0.0467260444646055,0.9227315347627612,E:\ML_Models_EXFOR\DT_B4\DT82_MSS10_MSL7_none_one_hot_B4_v1\DT82_MSS10_MSL7_none_one_hot_B4_v1.joblib,347.3220088481903,E:\ML_Models_EXFOR\DT_B4\DT82_MSS10_MSL7_none_one_hot_B4_v1\scaler.pkl
76,90,15,1,one_hot,none,0.0797519945171604,0.028076711838535,0.9627572112898952,0.0292944032011226,0.9627572112898952,0.1221575433166326,0.0633678347008022,0.9158247624460332,0.045572877734678,0.9158246999504324,0.1232458409918117,0.0643359529065723,0.9142931682758496,0.0458863013063745,0.9142930932155996,E:\ML_Models_EXFOR\DT_B4\DT90_MSS15_MSL1_none_one_hot_B4_v1\DT90_MSS15_MSL1_none_one_hot_B4_v1.joblib,382.8710043430328,E:\ML_Models_EXFOR\DT_B4\DT90_MSS15_MSL1_none_one_hot_B4_v1\scaler.pkl
77,90,15,3,one_hot,none,0.0880889925020958,0.0332216018854167,0.9556298876316276,0.0329629602980246,0.9556298876316276,0.1203373033290437,0.0593375761867639,0.9206279096212996,0.0461084590697849,0.920627228180652,0.1211783362002511,0.0595942553288031,0.9200046400542712,0.0464074921337819,0.9200046195129848,E:\ML_Models_EXFOR\DT_B4\DT90_MSS15_MSL3_none_one_hot_B4_v1\DT90_MSS15_MSL3_none_one_hot_B4_v1.joblib,378.7080085277557,E:\ML_Models_EXFOR\DT_B4\DT90_MSS15_MSL3_none_one_hot_B4_v1\scaler.pkl
78,90,15,5,one_hot,none,0.0916255841017748,0.0358381825175269,0.9519673770934304,0.0346584680515074,0.9519673770934304,0.1192839812419525,0.0583393094605618,0.92184139020055,0.0461041637573349,0.9218411896997472,0.1198979231210859,0.0578794466645471,0.9220681286885178,0.0465681651334976,0.9220681286859872,E:\ML_Models_EXFOR\DT_B4\DT90_MSS15_MSL5_none_one_hot_B4_v1\DT90_MSS15_MSL5_none_one_hot_B4_v1.joblib,371.20099925994873,E:\ML_Models_EXFOR\DT_B4\DT90_MSS15_MSL5_none_one_hot_B4_v1\scaler.pkl
79,82,15,7,one_hot,none,0.0948780273675106,0.0382621537738261,0.9485514718983716,0.03626160102942,0.9485514718983716,0.1188542414094449,0.0577529447347552,0.9223730912713782,0.0464187397162467,0.9223729600622388,0.1193988259805457,0.0572086397301542,0.9227223331902888,0.0468133051513071,0.9227223253432216,E:\ML_Models_EXFOR\DT_B4\DT82_MSS15_MSL7_none_one_hot_B4_v1\DT82_MSS15_MSL7_none_one_hot_B4_v1.joblib,370.17899680137634,E:\ML_Models_EXFOR\DT_B4\DT82_MSS15_MSL7_none_one_hot_B4_v1\scaler.pkl
80,82,15,10,one_hot,none,0.1008520384142739,0.0425440280958159,0.9424626513874031,0.0394523115721976,0.9424626513874031,0.1194929769784515,0.0576690857398865,0.9219434479658288,0.0474131939594858,0.92194334351968,0.1198115825323423,0.0573038405539426,0.9220344662317728,0.047636017557316,0.9220343847983,E:\ML_Models_EXFOR\DT_B4\DT82_MSS15_MSL10_none_one_hot_B4_v1\DT82_MSS15_MSL10_none_one_hot_B4_v1.joblib,337.960999250412,E:\ML_Models_EXFOR\DT_B4\DT82_MSS15_MSL10_none_one_hot_B4_v1\scaler.pkl
81,100,2,1,one_hot,none,0.0262884221277116,0.0110072883377766,0.9857224836599772,0.0,0.9857224836599772,0.1343929861568373,0.0802878207253189,0.8963000390516098,0.0471442436224529,0.8963000368695766,0.1347745769489255,0.0802330519235186,0.8959107563432182,0.0470897306836874,0.8959104577778635,E:\ML_Models_EXFOR\DT_B4\DT100_MSS2_MSL1_none_one_hot_B4_v1\DT100_MSS2_MSL1_none_one_hot_B4_v1.joblib,303.0269978046417,E:\ML_Models_EXFOR\DT_B4\DT100_MSS2_MSL1_none_one_hot_B4_v1\scaler.pkl
86,100,5,1,one_hot,none,0.0521874224016967,0.0166644974821607,0.9782247512652038,0.01404323584324,0.9782247512652038,0.1296919028993206,0.0738690436525924,0.903648306196114,0.0461316793440175,0.903648231837632,0.1304935170246093,0.0741970502244908,0.9027174178118746,0.0463225908327926,0.9027173596244072,E:\ML_Models_EXFOR\DT_B4\DT100_MSS5_MSL1_none_one_hot_B4_v1\DT100_MSS5_MSL1_none_one_hot_B4_v1.joblib,301.2709965705872,E:\ML_Models_EXFOR\DT_B4\DT100_MSS5_MSL1_none_one_hot_B4_v1\scaler.pkl
87,100,5,3,one_hot,none,0.077742069617057,0.0282034223285506,0.962582845233982,0.0266800427295224,0.962582845233982,0.1224911516805718,0.0627700304087264,0.91669175717168,0.045632336695465,0.916689883841326,0.1231780828585462,0.0627186739972713,0.9164563523689492,0.0457851602531533,0.916456220046167,E:\ML_Models_EXFOR\DT_B4\DT100_MSS5_MSL3_none_one_hot_B4_v1\DT100_MSS5_MSL3_none_one_hot_B4_v1.joblib,294.07685017585754,E:\ML_Models_EXFOR\DT_B4\DT100_MSS5_MSL3_none_one_hot_B4_v1\scaler.pkl
91,100,10,1,one_hot,none,0.0702089805746573,0.0235013578915233,0.9690143139520778,0.0241762519128125,0.9690143139520778,0.1244005486981831,0.0668382384351676,0.9118753155703074,0.0454643230004594,0.9118752732345354,0.1254482137556421,0.0675806227865753,0.91054217987785,0.0457557530489042,0.9105420808523318,E:\ML_Models_EXFOR\DT_B4\DT100_MSS10_MSL1_none_one_hot_B4_v1\DT100_MSS10_MSL1_none_one_hot_B4_v1.joblib,300.5110023021698,E:\ML_Models_EXFOR\DT_B4\DT100_MSS10_MSL1_none_one_hot_B4_v1\scaler.pkl
92,100,10,3,one_hot,none,0.0824814406364313,0.0303879415248712,0.9595674882876796,0.0296840372025893,0.9595674882876796,0.1212754584905514,0.0608635258592714,0.91894519062454,0.0457767334086107,0.9189442680428108,0.1220774132901771,0.0610725257979541,0.9183737656254736,0.0461644935622703,0.9183736585490768,E:\ML_Models_EXFOR\DT_B4\DT100_MSS10_MSL3_none_one_hot_B4_v1\DT100_MSS10_MSL3_none_one_hot_B4_v1.joblib,295.27700757980347,E:\ML_Models_EXFOR\DT_B4\DT100_MSS10_MSL3_none_one_hot_B4_v1\scaler.pkl
93,91,10,5,one_hot,none,0.0884468620589318,0.0342345101425371,0.9542151287619124,0.0327062753432194,0.9542151287619124,0.1194700732078026,0.0588825228009878,0.9213192305896984,0.0457417815451048,0.9213190167149676,0.1198150001649173,0.0583443758906747,0.9216489248952836,0.0461514575971332,0.9216489245575784,E:\ML_Models_EXFOR\DT_B4\DT91_MSS10_MSL5_none_one_hot_B4_v1\DT91_MSS10_MSL5_none_one_hot_B4_v1.joblib,244.3661737442017,E:\ML_Models_EXFOR\DT_B4\DT91_MSS10_MSL5_none_one_hot_B4_v1\scaler.pkl
96,100,15,1,one_hot,none,0.0796855322246287,0.0280397293023095,0.9628080918354944,0.0292674240028285,0.9628080918354944,0.1222206871011347,0.0635819116439663,0.9155625196035672,0.045559419274356,0.9155624680439828,0.1232840564350517,0.0644799026142742,0.9141284694201608,0.0458788035512464,0.9141283552139374,E:\ML_Models_EXFOR\DT_B4\DT100_MSS15_MSL1_none_one_hot_B4_v1\DT100_MSS15_MSL1_none_one_hot_B4_v1.joblib,233.01899886131287,E:\ML_Models_EXFOR\DT_B4\DT100_MSS15_MSL1_none_one_hot_B4_v1\scaler.pkl
97,100,15,3,one_hot,none,0.0880820753413096,0.0332162087218213,0.9556374101777628,0.0329548582635449,0.9556374101777628,0.1203420237802486,0.0593983223123575,0.9205670410458112,0.046092566802508,0.920566400713508,0.1211723653723816,0.0596070205814638,0.919989966128389,0.0463913983331464,0.9199899450180368,E:\ML_Models_EXFOR\DT_B4\DT100_MSS15_MSL3_none_one_hot_B4_v1\DT100_MSS15_MSL3_none_one_hot_B4_v1.joblib,232.8450119495392,E:\ML_Models_EXFOR\DT_B4\DT100_MSS15_MSL3_none_one_hot_B4_v1\scaler.pkl
101,110,2,1,one_hot,none,0.0262067526180603,0.0109666996450111,0.9857758799793171,0.0,0.9857758799793171,0.1343952156836293,0.0803755335661676,0.8961948440372083,0.0471125446456413,0.8961948368959866,0.1347027093986654,0.0799473186670862,0.8962420643064661,0.0470579337666319,0.8962417877334976,E:\ML_Models_EXFOR\DT_B4\DT110_MSS2_MSL1_none_one_hot_B4_v1\DT110_MSS2_MSL1_none_one_hot_B4_v1.joblib,238.56199717521667,E:\ML_Models_EXFOR\DT_B4\DT110_MSS2_MSL1_none_one_hot_B4_v1\scaler.pkl
106,110,5,1,one_hot,none,0.0521218862482745,0.0166297790207928,0.9782711031127108,0.0140290414165032,0.9782711031127108,0.1297093074312215,0.0739779778661155,0.9035361030888188,0.0461238319134743,0.9035360074101884,0.1304449966456853,0.0740671226790146,0.902886375399064,0.0463008120545026,0.9028863135653304,E:\ML_Models_EXFOR\DT_B4\DT110_MSS5_MSL1_none_one_hot_B4_v1\DT110_MSS5_MSL1_none_one_hot_B4_v1.joblib,233.7060103416443,E:\ML_Models_EXFOR\DT_B4\DT110_MSS5_MSL1_none_one_hot_B4_v1\scaler.pkl
107,110,5,3,one_hot,none,0.0777344814728088,0.0281982832031855,0.9625899183148884,0.0266734045824103,0.9625899183148884,0.1224624035803378,0.0625449101090722,0.9169632635852464,0.0456316946559475,0.9169613319886688,0.1231672310579639,0.0626886473758562,0.9164936342332364,0.0457762875783377,0.9164934810361804,E:\ML_Models_EXFOR\DT_B4\DT110_MSS5_MSL3_none_one_hot_B4_v1\DT110_MSS5_MSL3_none_one_hot_B4_v1.joblib,232.15999794006348,E:\ML_Models_EXFOR\DT_B4\DT110_MSS5_MSL3_none_one_hot_B4_v1\scaler.pkl
111,110,10,1,one_hot,none,0.0701575982799917,0.0234730762785844,0.9690527562000788,0.024160491418975,0.9690527562000788,0.1244151464154612,0.0668620835445595,0.9118433707177344,0.0454433390992514,0.911843340211974,0.1254708165498848,0.0677719808161898,0.9103281434669246,0.04573417258385,0.9103279948936872,E:\ML_Models_EXFOR\DT_B4\DT110_MSS10_MSL1_none_one_hot_B4_v1\DT110_MSS10_MSL1_none_one_hot_B4_v1.joblib,232.60701251029968,E:\ML_Models_EXFOR\DT_B4\DT110_MSS10_MSL1_none_one_hot_B4_v1\scaler.pkl
112,110,10,3,one_hot,none,0.0824746597482302,0.0303832137587831,0.9595740330910442,0.0296770295535788,0.9595740330910442,0.1212619416112733,0.0608710924047105,0.918927546339712,0.045771235618463,0.9189266632575256,0.1221280085589423,0.0611416812988256,0.9182796963735158,0.0461477745749202,0.918279582023896,E:\ML_Models_EXFOR\DT_B4\DT110_MSS10_MSL3_none_one_hot_B4_v1\DT110_MSS10_MSL3_none_one_hot_B4_v1.joblib,232.4560115337372,E:\ML_Models_EXFOR\DT_B4\DT110_MSS10_MSL3_none_one_hot_B4_v1\scaler.pkl
116,110,15,1,one_hot,none,0.0796418499239458,0.0280151390693464,0.9628419202966494,0.0292514897128877,0.9628419202966494,0.1221797942765525,0.0634228999622521,0.915739029249414,0.0455443324649474,0.915738946933314,0.123218146000733,0.0642949700999815,0.9143414391524914,0.0458616975785318,0.9143413462181962,E:\ML_Models_EXFOR\DT_B4\DT110_MSS15_MSL1_none_one_hot_B4_v1\DT110_MSS15_MSL1_none_one_hot_B4_v1.joblib,232.2339870929718,E:\ML_Models_EXFOR\DT_B4\DT110_MSS15_MSL1_none_one_hot_B4_v1\scaler.pkl
117,110,15,3,one_hot,none,0.0880765284575766,0.0332121988373079,0.9556430032145578,0.0329504423955222,0.9556430032145578,0.1203334802680123,0.0593279869062235,0.9206403182771764,0.0460862750414284,0.92063964392255,0.121187153159536,0.0596167159418953,0.9199839461976304,0.0463868939333912,0.9199839279054493,E:\ML_Models_EXFOR\DT_B4\DT110_MSS15_MSL3_none_one_hot_B4_v1\DT110_MSS15_MSL3_none_one_hot_B4_v1.joblib,234.1769998073578,E:\ML_Models_EXFOR\DT_B4\DT110_MSS15_MSL3_none_one_hot_B4_v1\scaler.pkl
121,120,2,1,one_hot,none,0.0261482949722165,0.0109355360939641,0.9858168732696886,0.0,0.9858168732696886,0.1343688536637684,0.0803447756168572,0.8962252092583012,0.0470526791693339,0.8962252055323784,0.1347207755924578,0.0801673893531712,0.8960048084146296,0.0470435089850717,0.896004484883126,E:\ML_Models_EXFOR\DT_B4\DT120_MSS2_MSL1_none_one_hot_B4_v1\DT120_MSS2_MSL1_none_one_hot_B4_v1.joblib,237.215012550354,E:\ML_Models_EXFOR\DT_B4\DT120_MSS2_MSL1_none_one_hot_B4_v1\scaler.pkl
126,120,5,1,one_hot,none,0.0520720054873287,0.0166018407318112,0.9783083998489084,0.0140197599334881,0.9783083998489084,0.1297102374387135,0.0740467006137815,0.903456666316373,0.0461016358107629,0.9034566240150904,0.1304583235180052,0.0740399494966857,0.902908860564512,0.0463004807992084,0.902908786909588,E:\ML_Models_EXFOR\DT_B4\DT120_MSS5_MSL1_none_one_hot_B4_v1\DT120_MSS5_MSL1_none_one_hot_B4_v1.joblib,235.54801225662231,E:\ML_Models_EXFOR\DT_B4\DT120_MSS5_MSL1_none_one_hot_B4_v1\scaler.pkl
127,120,5,3,one_hot,none,0.0777306156632249,0.0281961240129463,0.9625928900227758,0.0266694961685896,0.9625928900227758,0.1224758172004845,0.0625992717624034,0.9168863693406938,0.0456288288395588,0.916884551734348,0.1232100790342049,0.0627606611418595,0.9164055230385888,0.0457765562512777,0.9164053872233,E:\ML_Models_EXFOR\DT_B4\DT120_MSS5_MSL3_none_one_hot_B4_v1\DT120_MSS5_MSL3_none_one_hot_B4_v1.joblib,232.3809995651245,E:\ML_Models_EXFOR\DT_B4\DT120_MSS5_MSL3_none_one_hot_B4_v1\scaler.pkl
131,120,10,1,one_hot,none,0.070116585165473,0.0234495351474161,0.969084752683984,0.024148302370675,0.969084752683984,0.1244209265644656,0.0669932195677423,0.9116943738197648,0.0454282149168823,0.9116943487499566,0.1254800959394883,0.067852700006585,0.9102158426972612,0.0457267054770046,0.9102156826551854,E:\ML_Models_EXFOR\DT_B4\DT120_MSS10_MSL1_none_one_hot_B4_v1\DT120_MSS10_MSL1_none_one_hot_B4_v1.joblib,233.4450123310089,E:\ML_Models_EXFOR\DT_B4\DT120_MSS10_MSL1_none_one_hot_B4_v1\scaler.pkl
132,120,10,3,one_hot,none,0.082471275601078,0.0303812836149028,0.95957670502955,0.0296731109846742,0.95957670502955,0.1212845545093284,0.0608842355584088,0.918909827471866,0.0457696438338841,0.9189089321109672,0.1221056970396385,0.0611032562891187,0.9183271541769727,0.0461463566029325,0.9183270178153952,E:\ML_Models_EXFOR\DT_B4\DT120_MSS10_MSL3_none_one_hot_B4_v1\DT120_MSS10_MSL3_none_one_hot_B4_v1.joblib,233.1612451076508,E:\ML_Models_EXFOR\DT_B4\DT120_MSS10_MSL3_none_one_hot_B4_v1\scaler.pkl
136,120,15,1,one_hot,none,0.0796034640151373,0.0279928710107852,0.9628725522690544,0.0292377390837747,0.9628725522690544,0.1221973362929911,0.0635335272875001,0.9156228870015076,0.0455345422646009,0.915622845735773,0.1232810821154165,0.0644963401602048,0.914098386187588,0.0458507023724647,0.91409825735484,E:\ML_Models_EXFOR\DT_B4\DT120_MSS15_MSL1_none_one_hot_B4_v1\DT120_MSS15_MSL1_none_one_hot_B4_v1.joblib,232.13601064682007,E:\ML_Models_EXFOR\DT_B4\DT120_MSS15_MSL1_none_one_hot_B4_v1\scaler.pkl
137,120,15,3,one_hot,none,0.0880737616881084,0.033210593118295,0.9556452428746116,0.0329475536853307,0.9556452428746116,0.1203287360272247,0.0593283954257628,0.920649110424932,0.0460822678840922,0.9206484879944696,0.1211990324904149,0.0596323284185634,0.919959552369462,0.0463842817552024,0.9199595254395928,E:\ML_Models_EXFOR\DT_B4\DT120_MSS15_MSL3_none_one_hot_B4_v1\DT120_MSS15_MSL3_none_one_hot_B4_v1.joblib,231.8529980182648,E:\ML_Models_EXFOR\DT_B4\DT120_MSS15_MSL3_none_one_hot_B4_v1\scaler.pkl
141,130,2,1,one_hot,none,0.0260970149634835,0.0109099799545298,0.9858504879619816,0.0,0.9858504879619816,0.1344248100582916,0.08085583927574,0.895640273615804,0.0470268217681697,0.8956402498202497,0.1347636108002886,0.0802091628733782,0.8959390946667909,0.0470268620492488,0.8959387229464038,E:\ML_Models_EXFOR\DT_B4\DT130_MSS2_MSL1_none_one_hot_B4_v1\DT130_MSS2_MSL1_none_one_hot_B4_v1.joblib,236.29799938201904,E:\ML_Models_EXFOR\DT_B4\DT130_MSS2_MSL1_none_one_hot_B4_v1\scaler.pkl
146,130,5,1,one_hot,none,0.0520299747886754,0.016579840712677,0.9783377672655726,0.0140135471803577,0.9783377672655726,0.1296949608823211,0.0738772875817446,0.9036336649899908,0.0460893610196847,0.9036335486735178,0.1304992626228334,0.074121468474767,0.9028186212260506,0.0462799585623065,0.9028185543993932,E:\ML_Models_EXFOR\DT_B4\DT130_MSS5_MSL1_none_one_hot_B4_v1\DT130_MSS5_MSL1_none_one_hot_B4_v1.joblib,228.43099904060364,E:\ML_Models_EXFOR\DT_B4\DT130_MSS5_MSL1_none_one_hot_B4_v1\scaler.pkl
147,129,5,3,one_hot,none,0.0777285108641157,0.028194931678092,0.9625945310338696,0.0266672404435134,0.9625945310338696,0.1224892620126551,0.0626554956517037,0.91683634362147,0.0456288288395588,0.916834485198474,0.1231705854533173,0.0626876305939042,0.9164930434704198,0.0457748153006464,0.9164928828519244,E:\ML_Models_EXFOR\DT_B4\DT129_MSS5_MSL3_none_one_hot_B4_v1\DT129_MSS5_MSL3_none_one_hot_B4_v1.joblib,225.77499961853027,E:\ML_Models_EXFOR\DT_B4\DT129_MSS5_MSL3_none_one_hot_B4_v1\scaler.pkl
151,130,10,1,one_hot,none,0.0700828677197864,0.0234311756558582,0.9691097050417184,0.0241381746708542,0.9691097050417184,0.1244212629785014,0.0669475149519101,0.9117503126930444,0.0454136920968684,0.9117502835175912,0.125480439696792,0.0677939815283922,0.9102949234964391,0.0457136640263341,0.9102947710853696,E:\ML_Models_EXFOR\DT_B4\DT130_MSS10_MSL1_none_one_hot_B4_v1\DT130_MSS10_MSL1_none_one_hot_B4_v1.joblib,228.3110032081604,E:\ML_Models_EXFOR\DT_B4\DT130_MSS10_MSL1_none_one_hot_B4_v1\scaler.pkl
152,128,10,3,one_hot,none,0.082469219243064,0.0303801272380577,0.9595783058196062,0.0296708624198915,0.9595783058196062,0.1213045694065024,0.0609362668860314,0.9188648359814312,0.0457686072054728,0.9188639352406291,0.1221004548674905,0.0611001849855968,0.9183343721927862,0.0461434178141102,0.918334261744781,E:\ML_Models_EXFOR\DT_B4\DT128_MSS10_MSL3_none_one_hot_B4_v1\DT128_MSS10_MSL3_none_one_hot_B4_v1.joblib,225.42399835586548,E:\ML_Models_EXFOR\DT_B4\DT128_MSS10_MSL3_none_one_hot_B4_v1\scaler.pkl
156,130,15,1,one_hot,none,0.0795725657564836,0.0279760354387446,0.9628957101043374,0.02922649068572,0.9628957101043374,0.1221944373905004,0.0635330268009748,0.9156166336706316,0.0455267877217891,0.915616590476167,0.1232952136555636,0.0645185833905236,0.9140707662608486,0.0458480862906797,0.9140706399163444,E:\ML_Models_EXFOR\DT_B4\DT130_MSS15_MSL1_none_one_hot_B4_v1\DT130_MSS15_MSL1_none_one_hot_B4_v1.joblib,226.63900017738345,E:\ML_Models_EXFOR\DT_B4\DT130_MSS15_MSL1_none_one_hot_B4_v1\scaler.pkl
157,128,15,3,one_hot,none,0.088072149023724,0.0332096335155999,0.9556465813257624,0.0329460534962317,0.9556465813257624,0.1203587026962865,0.0594166845099718,0.920525522679668,0.0460811177745515,0.920524905793363,0.1212265193060142,0.0597004146350419,0.9198798994695608,0.0463842817552024,0.9198798781201982,E:\ML_Models_EXFOR\DT_B4\DT128_MSS15_MSL3_none_one_hot_B4_v1\DT128_MSS15_MSL3_none_one_hot_B4_v1.joblib,224.3420126438141,E:\ML_Models_EXFOR\DT_B4\DT128_MSS15_MSL3_none_one_hot_B4_v1\scaler.pkl
161,140,2,1,one_hot,none,0.0260492771239957,0.010888519829284,0.9858787133331304,0.0,0.9858787133331304,0.1344097306223379,0.0804696138365003,0.8960919861093632,0.0470105894039786,0.8960919753479037,0.1347487841722613,0.0801755242768387,0.8960023942554233,0.0470032417680832,0.8960019881978115,E:\ML_Models_EXFOR\DT_B4\DT140_MSS2_MSL1_none_one_hot_B4_v1\DT140_MSS2_MSL1_none_one_hot_B4_v1.joblib,232.8789863586425,E:\ML_Models_EXFOR\DT_B4\DT140_MSS2_MSL1_none_one_hot_B4_v1\scaler.pkl
166,140,5,1,one_hot,none,0.0519915522531148,0.0165620036089997,0.9783615764444876,0.0140064092908845,0.9783615764444876,0.1297545064237282,0.0741469239073174,0.9033246770584544,0.0460871852320519,0.9033246173601808,0.1304824720577587,0.0741827975016368,0.9027492762664898,0.0462700381514206,0.9027491669336716,E:\ML_Models_EXFOR\DT_B4\DT140_MSS5_MSL1_none_one_hot_B4_v1\DT140_MSS5_MSL1_none_one_hot_B4_v1.joblib,229.1570029258728,E:\ML_Models_EXFOR\DT_B4\DT140_MSS5_MSL1_none_one_hot_B4_v1\scaler.pkl
171,140,10,1,one_hot,none,0.0700543221906528,0.0234175378042398,0.9691282394437536,0.0241284010185526,0.9691282394437536,0.1243967924408302,0.0667387179524867,0.9119857681661506,0.045414897201938,0.9119857280403848,0.1255163707903278,0.0678379068651526,0.9102336298929572,0.0457101421829488,0.9102334708087014,E:\ML_Models_EXFOR\DT_B4\DT140_MSS10_MSL1_none_one_hot_B4_v1\DT140_MSS10_MSL1_none_one_hot_B4_v1.joblib,227.56999897956848,E:\ML_Models_EXFOR\DT_B4\DT140_MSS10_MSL1_none_one_hot_B4_v1\scaler.pkl
176,140,15,1,one_hot,none,0.079547599442852,0.0279645546884267,0.9629115016283448,0.0292173704302647,0.9629115016283448,0.1221864450431182,0.0634254266028785,0.9157384807235056,0.0455124156325925,0.9157384285275638,0.1232564538190587,0.0643490879362184,0.9142630508495694,0.0458354975342752,0.9142629791701188,E:\ML_Models_EXFOR\DT_B4\DT140_MSS15_MSL1_none_one_hot_B4_v1\DT140_MSS15_MSL1_none_one_hot_B4_v1.joblib,232.81879305839536,E:\ML_Models_EXFOR\DT_B4\DT140_MSS15_MSL1_none_one_hot_B4_v1\scaler.pkl
181,150,2,1,one_hot,none,0.0260182114615854,0.0108757176450619,0.9858955506228014,0.0,0.9858955506228014,0.1343675162707282,0.0803819643633372,0.8962202063840307,0.0470039280195726,0.8962201811957614,0.1347851356460846,0.0803077192610081,0.8958246603345777,0.0469965626762236,0.8958243226434202,E:\ML_Models_EXFOR\DT_B4\DT150_MSS2_MSL1_none_one_hot_B4_v1\DT150_MSS2_MSL1_none_one_hot_B4_v1.joblib,231.38301348686213,E:\ML_Models_EXFOR\DT_B4\DT150_MSS2_MSL1_none_one_hot_B4_v1\scaler.pkl
186,150,5,1,one_hot,none,0.0519672304626475,0.0165512712020829,0.9783759016546356,0.0140025599989312,0.9783759016546356,0.1296922089601147,0.0739084167897707,0.9036192521951528,0.0460781326380416,0.9036191939567644,0.1304690265054706,0.0741249888075684,0.9028180568151158,0.0462618705478504,0.902817963455904,E:\ML_Models_EXFOR\DT_B4\DT150_MSS5_MSL1_none_one_hot_B4_v1\DT150_MSS5_MSL1_none_one_hot_B4_v1.joblib,229.0875833034516,E:\ML_Models_EXFOR\DT_B4\DT150_MSS5_MSL1_none_one_hot_B4_v1\scaler.pkl
191,150,10,1,one_hot,none,0.0700348208734514,0.0234086340444456,0.9691403396604334,0.0241228488924724,0.9691403396604334,0.124411014112414,0.0668720752534915,0.9118337973963118,0.0454090770555153,0.9118337839548262,0.1254946784001293,0.0678364765082397,0.910235347600704,0.0457011736431138,0.9102351848598268,E:\ML_Models_EXFOR\DT_B4\DT150_MSS10_MSL1_none_one_hot_B4_v1\DT150_MSS10_MSL1_none_one_hot_B4_v1.joblib,228.48698616027832,E:\ML_Models_EXFOR\DT_B4\DT150_MSS10_MSL1_none_one_hot_B4_v1\scaler.pkl
196,150,15,1,one_hot,none,0.0795302506470361,0.0279566806042826,0.96292233198294,0.0292108249888547,0.96292233198294,0.1221973314065261,0.0634712583671188,0.9156914402324106,0.0455104371961813,0.9156913994333384,0.1232745844656122,0.0644466625115789,0.914163226409798,0.0458332844457741,0.9141631408477162,E:\ML_Models_EXFOR\DT_B4\DT150_MSS15_MSL1_none_one_hot_B4_v1\DT150_MSS15_MSL1_none_one_hot_B4_v1.joblib,225.57099986076355,E:\ML_Models_EXFOR\DT_B4\DT150_MSS15_MSL1_none_one_hot_B4_v1\scaler.pkl
201,160,2,1,one_hot,none,0.0259938947861779,0.0108662802824548,0.9859079621786953,0.0,0.9859079621786953,0.1344082577066481,0.0804320910540658,0.8961436137892491,0.0470055256622573,0.8961435758930768,0.134785711247283,0.0803072457220279,0.8958104965510245,0.0469965626762236,0.8958101229425164,E:\ML_Models_EXFOR\DT_B4\DT160_MSS2_MSL1_none_one_hot_B4_v1\DT160_MSS2_MSL1_none_one_hot_B4_v1.joblib,233.16600060462952,E:\ML_Models_EXFOR\DT_B4\DT160_MSS2_MSL1_none_one_hot_B4_v1\scaler.pkl
206,160,5,1,one_hot,none,0.0519493724505079,0.0165443067276909,0.9783851973562728,0.013999155856065,0.9783851973562728,0.1297409186797978,0.0740071972164149,0.9034911024252326,0.0460731388197585,0.9034910497003246,0.1304844013382739,0.0741964408870879,0.902730471829588,0.0462600845076416,0.9027303798517584,E:\ML_Models_EXFOR\DT_B4\DT160_MSS5_MSL1_none_one_hot_B4_v1\DT160_MSS5_MSL1_none_one_hot_B4_v1.joblib,230.31499862670896,E:\ML_Models_EXFOR\DT_B4\DT160_MSS5_MSL1_none_one_hot_B4_v1\scaler.pkl
211,160,10,1,one_hot,none,0.0700197771377939,0.0234027856930527,0.969148287420085,0.0241178015362965,0.969148287420085,0.1244399225681766,0.066902584754586,0.9117959742965436,0.0454090555921022,0.911795952799497,0.1255208710190115,0.0678729291150849,0.9101917009317192,0.0457031839588145,0.9101915438211752,E:\ML_Models_EXFOR\DT_B4\DT160_MSS10_MSL1_none_one_hot_B4_v1\DT160_MSS10_MSL1_none_one_hot_B4_v1.joblib,228.11098861694336,E:\ML_Models_EXFOR\DT_B4\DT160_MSS10_MSL1_none_one_hot_B4_v1\scaler.pkl
216,160,15,1,one_hot,none,0.0795165717481863,0.0279514733398867,0.9629294941544914,0.0292067419566648,0.9629294941544914,0.122227842968789,0.063638382069856,0.9154894244737588,0.0455048407697261,0.9154893939323582,0.1232889942239945,0.0644073531497616,0.9141889230806552,0.0458349882093204,0.9141888298727716,E:\ML_Models_EXFOR\DT_B4\DT160_MSS15_MSL1_none_one_hot_B4_v1\DT160_MSS15_MSL1_none_one_hot_B4_v1.joblib,225.00000929832456,E:\ML_Models_EXFOR\DT_B4\DT160_MSS15_MSL1_none_one_hot_B4_v1\scaler.pkl
221,170,2,1,one_hot,none,0.0259726123322474,0.0108589313759812,0.9859176268892346,0.0,0.9859176268892346,0.1344417303450299,0.0808701335577502,0.8956563855492593,0.0470027469117078,0.8956563466936895,0.1347509591078077,0.0802020168558596,0.895949672350542,0.0469907519728256,0.8959492726054366,E:\ML_Models_EXFOR\DT_B4\DT170_MSS2_MSL1_none_one_hot_B4_v1\DT170_MSS2_MSL1_none_one_hot_B4_v1.joblib,217.2089614868164,E:\ML_Models_EXFOR\DT_B4\DT170_MSS2_MSL1_none_one_hot_B4_v1\scaler.pkl
226,170,5,1,one_hot,none,0.0519318474027411,0.0165381853274576,0.9783933676407972,0.0139958515635416,0.9783933676407972,0.1297308021494545,0.0739211925319131,0.9035829101487444,0.0460743642161488,0.9035828512469772,0.1304881975782236,0.0740283078352537,0.9029209865304813,0.046262843178177,0.9029209119726028,E:\ML_Models_EXFOR\DT_B4\DT170_MSS5_MSL1_none_one_hot_B4_v1\DT170_MSS5_MSL1_none_one_hot_B4_v1.joblib,216.3640120029449,E:\ML_Models_EXFOR\DT_B4\DT170_MSS5_MSL1_none_one_hot_B4_v1\scaler.pkl
231,170,10,1,one_hot,none,0.0700049498707131,0.023397626104392,0.9691552990670846,0.0241129070406267,0.9691552990670846,0.1243916194707989,0.0667588992999771,0.91195280413312,0.045402821558006,0.9119527680765442,0.1254728423086056,0.067770897666482,0.9103181688244384,0.0457011736431138,0.9103180027579324,E:\ML_Models_EXFOR\DT_B4\DT170_MSS10_MSL1_none_one_hot_B4_v1\DT170_MSS10_MSL1_none_one_hot_B4_v1.joblib,214.1290137767792,E:\ML_Models_EXFOR\DT_B4\DT170_MSS10_MSL1_none_one_hot_B4_v1\scaler.pkl
236,170,15,1,one_hot,none,0.0795035011252922,0.0279469603092851,0.9629357013835156,0.0292026783906259,0.9629357013835156,0.1222182989272553,0.063557827992144,0.9155912552836012,0.0455158819325335,0.9155912365372716,0.1233177113583625,0.064545563308472,0.9140244308773172,0.0458354975342752,0.9140243464291,E:\ML_Models_EXFOR\DT_B4\DT170_MSS15_MSL1_none_one_hot_B4_v1\DT170_MSS15_MSL1_none_one_hot_B4_v1.joblib,213.7580044269561,E:\ML_Models_EXFOR\DT_B4\DT170_MSS15_MSL1_none_one_hot_B4_v1\scaler.pkl
241,180,2,1,one_hot,none,0.0259527241490686,0.010852278275756,0.9859263763706048,0.0,0.9859263763706048,0.1344552262858153,0.0808779268369806,0.8956297742917382,0.0470025754259535,0.8956297493491905,0.1348032511935483,0.0802699332857867,0.8958631447760081,0.0469901011769741,0.8958627540501581,E:\ML_Models_EXFOR\DT_B4\DT180_MSS2_MSL1_none_one_hot_B4_v1\DT180_MSS2_MSL1_none_one_hot_B4_v1.joblib,217.38682770729065,E:\ML_Models_EXFOR\DT_B4\DT180_MSS2_MSL1_none_one_hot_B4_v1\scaler.pkl
246,180,5,1,one_hot,none,0.0519173836385257,0.0165332688821387,0.978399929567206,0.0139934633275016,0.978399929567206,0.1297135951392071,0.0738994511051,0.9035937141603704,0.0460727944531959,0.9035936143247408,0.1305299484139342,0.0741462610299538,0.9027773708063338,0.0462609769784424,0.902777289439574,E:\ML_Models_EXFOR\DT_B4\DT180_MSS5_MSL1_none_one_hot_B4_v1\DT180_MSS5_MSL1_none_one_hot_B4_v1.joblib,214.6180121898651,E:\ML_Models_EXFOR\DT_B4\DT180_MSS5_MSL1_none_one_hot_B4_v1\scaler.pkl
251,180,10,1,one_hot,none,0.0699940222758969,0.0233939314091261,0.9691603199317884,0.0241097792124225,0.9691603199317884,0.1244394609897785,0.066966029171602,0.9117187228579609,0.0454051915010584,0.9117187063493588,0.1254877942303852,0.0676631038132274,0.9104433331637714,0.0457007424329523,0.9104432114144152,E:\ML_Models_EXFOR\DT_B4\DT180_MSS10_MSL1_none_one_hot_B4_v1\DT180_MSS10_MSL1_none_one_hot_B4_v1.joblib,214.5874798297882,E:\ML_Models_EXFOR\DT_B4\DT180_MSS10_MSL1_none_one_hot_B4_v1\scaler.pkl
256,180,15,1,one_hot,none,0.0794938460531891,0.0279436939247409,0.9629401939273408,0.0291997242004992,0.9629401939273408,0.1222106364591623,0.0634327247547643,0.9157425471901296,0.0455048407697261,0.9157425046085274,0.1233198929977262,0.0645236371678235,0.9140799157378288,0.0458321999089489,0.9140797629219648,E:\ML_Models_EXFOR\DT_B4\DT180_MSS15_MSL1_none_one_hot_B4_v1\DT180_MSS15_MSL1_none_one_hot_B4_v1.joblib,212.86798810958865,E:\ML_Models_EXFOR\DT_B4\DT180_MSS15_MSL1_none_one_hot_B4_v1\scaler.pkl
261,190,2,1,one_hot,none,0.0259366862223348,0.0108468568105808,0.985933506019066,0.0,0.985933506019066,0.13444542747312,0.0808606282983106,0.8956891238010923,0.0469949586978875,0.8956890743185998,0.1347798201804557,0.0801629870462578,0.8959945868157513,0.0469907519728256,0.8959942458474472,E:\ML_Models_EXFOR\DT_B4\DT190_MSS2_MSL1_none_one_hot_B4_v1\DT190_MSS2_MSL1_none_one_hot_B4_v1.joblib,218.02399849891663,E:\ML_Models_EXFOR\DT_B4\DT190_MSS2_MSL1_none_one_hot_B4_v1\scaler.pkl
266,190,5,1,one_hot,none,0.0519061775494006,0.0165294154079172,0.9784050726986564,0.0139911694159726,0.9784050726986564,0.1297603513067427,0.0741140383031112,0.9033621888664052,0.0460731388197585,0.9033621521406178,0.1305250073050104,0.074209642469345,0.9027032574036544,0.0462509717549384,0.902703178384154,E:\ML_Models_EXFOR\DT_B4\DT190_MSS5_MSL1_none_one_hot_B4_v1\DT190_MSS5_MSL1_none_one_hot_B4_v1.joblib,215.94301176071167,E:\ML_Models_EXFOR\DT_B4\DT190_MSS5_MSL1_none_one_hot_B4_v1\scaler.pkl
271,190,10,1,one_hot,none,0.0699850403343276,0.0233908530440786,0.969164503204101,0.0241074661589019,0.969164503204101,0.1244089446455575,0.0668400909986942,0.9118585219824784,0.0454090555921022,0.9118585015437296,0.1254843128776052,0.0677092351020125,0.9103867645413029,0.0456965393576316,0.9103866116457732,E:\ML_Models_EXFOR\DT_B4\DT190_MSS10_MSL1_none_one_hot_B4_v1\DT190_MSS10_MSL1_none_one_hot_B4_v1.joblib,214.4479887485504,E:\ML_Models_EXFOR\DT_B4\DT190_MSS10_MSL1_none_one_hot_B4_v1\scaler.pkl
276,190,15,1,one_hot,none,0.0794861046628618,0.027941042696187,0.9629438403648104,0.0291974177091388,0.9629438403648104,0.122233595473966,0.0636645601456795,0.9154669602741272,0.0455025089782579,0.9154669319505908,0.123289799143605,0.0644180535852446,0.9141831185067296,0.0458306283945529,0.914183047470156,E:\ML_Models_EXFOR\DT_B4\DT190_MSS15_MSL1_none_one_hot_B4_v1\DT190_MSS15_MSL1_none_one_hot_B4_v1.joblib,207.4830102920532,E:\ML_Models_EXFOR\DT_B4\DT190_MSS15_MSL1_none_one_hot_B4_v1\scaler.pkl
281,200,2,1,one_hot,none,0.0259248345352722,0.0108428050040621,0.9859388343943823,0.0,0.9859388343943823,0.1344088158078889,0.0804950544623994,0.8960537409151776,0.0469991910464085,0.8960537229424316,0.1348275256947316,0.0803024601125093,0.8958402045856324,0.0469854953484947,0.8958398239624626,E:\ML_Models_EXFOR\DT_B4\DT200_MSS2_MSL1_none_one_hot_B4_v1\DT200_MSS2_MSL1_none_one_hot_B4_v1.joblib,212.856999874115,E:\ML_Models_EXFOR\DT_B4\DT200_MSS2_MSL1_none_one_hot_B4_v1\scaler.pkl
286,200,5,1,one_hot,none,0.051896861355362,0.0165261772826236,0.9784093944999148,0.0139894408200473,0.9784093944999148,0.129712747068007,0.073840483296196,0.9036836648384374,0.0460676852740812,0.9036836051517468,0.1305660430349705,0.0742436700506182,0.9026572023396946,0.0462529545386783,0.902657126035944,E:\ML_Models_EXFOR\DT_B4\DT200_MSS5_MSL1_none_one_hot_B4_v1\DT200_MSS5_MSL1_none_one_hot_B4_v1.joblib,210.74200916290283,E:\ML_Models_EXFOR\DT_B4\DT200_MSS5_MSL1_none_one_hot_B4_v1\scaler.pkl
291,200,10,1,one_hot,none,0.0699778950970724,0.0233884003047464,0.9691678362726506,0.0241054722366484,0.9691678362726506,0.1244456862880515,0.0669994847470509,0.9116797223222426,0.0454028215580059,0.911679703484786,0.1255023193858482,0.0676935273970074,0.9103993306232566,0.0457081792622715,0.9103992007799964,E:\ML_Models_EXFOR\DT_B4\DT200_MSS10_MSL1_none_one_hot_B4_v1\DT200_MSS10_MSL1_none_one_hot_B4_v1.joblib,209.9230091571808,E:\ML_Models_EXFOR\DT_B4\DT200_MSS10_MSL1_none_one_hot_B4_v1\scaler.pkl
296,200,15,1,one_hot,none,0.0794799079896999,0.027938907344183,0.9629467772591488,0.0291956613096793,0.9629467772591488,0.1222031141884289,0.063491017430212,0.915659039650412,0.0455018732243666,0.9156589751819408,0.1233315598532784,0.0645741725491859,0.9139943019745448,0.0458332844457741,0.913994189419747,E:\ML_Models_EXFOR\DT_B4\DT200_MSS15_MSL1_none_one_hot_B4_v1\DT200_MSS15_MSL1_none_one_hot_B4_v1.joblib,208.8211483955384,E:\ML_Models_EXFOR\DT_B4\DT200_MSS15_MSL1_none_one_hot_B4_v1\scaler.pkl
301,210,2,1,one_hot,none,0.0259134193871992,0.0108390000326442,0.9859438381153448,0.0,0.9859438381153448,0.1344043175682503,0.0804511608009404,0.8961083370531493,0.0469940757715532,0.8961083241367755,0.1348602115409241,0.0804149333619317,0.8956933110091118,0.046990849044249,0.8956929113341512,E:\ML_Models_EXFOR\DT_B4\DT210_MSS2_MSL1_none_one_hot_B4_v1\DT210_MSS2_MSL1_none_one_hot_B4_v1.joblib,214.9088065624237,E:\ML_Models_EXFOR\DT_B4\DT210_MSS2_MSL1_none_one_hot_B4_v1\scaler.pkl
306,210,5,1,one_hot,none,0.0518886110258463,0.0165234046188636,0.978413095038511,0.0139882440809149,0.978413095038511,0.1297241377510513,0.0739465590912583,0.9035590494949636,0.0460646737876799,0.903558991069549,0.1305542641980818,0.0742847487796252,0.9026213616657732,0.0462498138810072,0.902621257635796,E:\ML_Models_EXFOR\DT_B4\DT210_MSS5_MSL1_none_one_hot_B4_v1\DT210_MSS5_MSL1_none_one_hot_B4_v1.joblib,216.30241465568545,E:\ML_Models_EXFOR\DT_B4\DT210_MSS5_MSL1_none_one_hot_B4_v1\scaler.pkl
311,210,10,1,one_hot,none,0.0699713954625668,0.0233862077699828,0.9691708157266096,0.0241036307387888,0.9691708157266096,0.1244591389284993,0.0669641026723913,0.9117279482562218,0.0454086995818024,0.911727927148814,0.125519921882241,0.0677224107005415,0.9103670524483942,0.0457007424329524,0.9103669526497432,E:\ML_Models_EXFOR\DT_B4\DT210_MSS10_MSL1_none_one_hot_B4_v1\DT210_MSS10_MSL1_none_one_hot_B4_v1.joblib,213.8349967002869,E:\ML_Models_EXFOR\DT_B4\DT210_MSS10_MSL1_none_one_hot_B4_v1\scaler.pkl
316,210,15,1,one_hot,none,0.0794742445396644,0.0279369958860616,0.962949406202946,0.0291940073841893,0.962949406202946,0.1222030148714152,0.0635405513172223,0.9156055143306858,0.0455046434406139,0.9156054780672904,0.1233097579501405,0.064401238522996,0.9141978404576352,0.0458332844457741,0.9141977464422576,E:\ML_Models_EXFOR\DT_B4\DT210_MSS15_MSL1_none_one_hot_B4_v1\DT210_MSS15_MSL1_none_one_hot_B4_v1.joblib,239.3708357810974,E:\ML_Models_EXFOR\DT_B4\DT210_MSS15_MSL1_none_one_hot_B4_v1\scaler.pkl
321,220,2,1,one_hot,none,0.0259044384876301,0.0108359598869503,0.9859478360180968,0.0,0.9859478360180968,0.1344035193525156,0.0803906735076566,0.8961807832260025,0.0470027469117078,0.8961807602345988,0.1347824738503407,0.0800750725948955,0.8960830991126926,0.046990849044249,0.8960827660459473,E:\ML_Models_EXFOR\DT_B4\DT220_MSS2_MSL1_none_one_hot_B4_v1\DT220_MSS2_MSL1_none_one_hot_B4_v1.joblib,215.10131359100345,E:\ML_Models_EXFOR\DT_B4\DT220_MSS2_MSL1_none_one_hot_B4_v1\scaler.pkl
326,220,5,1,one_hot,none,0.0518825284857689,0.0165213215335143,0.9784158752129212,0.0139866274740326,0.9784158752129212,0.1297540094668409,0.0739979915348085,0.9035062544208364,0.0460727944531959,0.903506203461699,0.1305577613985122,0.0742325479598173,0.9026768863689948,0.0462618705478504,0.902676806883018,E:\ML_Models_EXFOR\DT_B4\DT220_MSS5_MSL1_none_one_hot_B4_v1\DT220_MSS5_MSL1_none_one_hot_B4_v1.joblib,210.91098403930664,E:\ML_Models_EXFOR\DT_B4\DT220_MSS5_MSL1_none_one_hot_B4_v1\scaler.pkl
331,220,10,1,one_hot,none,0.0699675200681292,0.0233848805653725,0.9691726192677655,0.0241026436568508,0.9691726192677655,0.1244503113302991,0.0669974996307952,0.9116679857929452,0.0454034402485057,0.9116679558995452,0.1255417071120551,0.0677531532288037,0.9103456531493872,0.0456965393576316,0.9103454782195664,E:\ML_Models_EXFOR\DT_B4\DT220_MSS10_MSL1_none_one_hot_B4_v1\DT220_MSS10_MSL1_none_one_hot_B4_v1.joblib,211.9800100326538,E:\ML_Models_EXFOR\DT_B4\DT220_MSS10_MSL1_none_one_hot_B4_v1\scaler.pkl
336,220,15,1,one_hot,none,0.0794706030027483,0.0279357478183309,0.9629511227386808,0.0291929708401733,0.9629511227386808,0.1222057108247767,0.0633968868761021,0.915778408776272,0.0455025089782579,0.91577835143087,0.1233417967487232,0.0645261710998642,0.9140538793611268,0.0458349882093204,0.91405377695945,E:\ML_Models_EXFOR\DT_B4\DT220_MSS15_MSL1_none_one_hot_B4_v1\DT220_MSS15_MSL1_none_one_hot_B4_v1.joblib,209.16499853134155,E:\ML_Models_EXFOR\DT_B4\DT220_MSS15_MSL1_none_one_hot_B4_v1\scaler.pkl
341,230,2,1,one_hot,none,0.0258991598374678,0.0108341778008441,0.985950179511834,0.0,0.985950179511834,0.1344187008164987,0.0803804064944572,0.8961701270885183,0.0469945931824969,0.896170118154312,0.1348574695265635,0.0802826782764484,0.8958522340246876,0.0469870031887424,0.895851818211119,E:\ML_Models_EXFOR\DT_B4\DT230_MSS2_MSL1_none_one_hot_B4_v1\DT230_MSS2_MSL1_none_one_hot_B4_v1.joblib,215.3119993209839,E:\ML_Models_EXFOR\DT_B4\DT230_MSS2_MSL1_none_one_hot_B4_v1\scaler.pkl
346,230,5,1,one_hot,none,0.051878161339444,0.0165198189520026,0.9784178806127962,0.0139858690841323,0.9784178806127962,0.1297468854559579,0.0740370727110061,0.9034677233740932,0.0460608101136884,0.9034676892246962,0.1305566394713758,0.0742262733149959,0.9026851266985194,0.0462509717549384,0.9026850487077404,E:\ML_Models_EXFOR\DT_B4\DT230_MSS5_MSL1_none_one_hot_B4_v1\DT230_MSS5_MSL1_none_one_hot_B4_v1.joblib,210.12501502037048,E:\ML_Models_EXFOR\DT_B4\DT230_MSS5_MSL1_none_one_hot_B4_v1\scaler.pkl
351,230,10,1,one_hot,none,0.0699637081819409,0.0233835729537328,0.9691743961778206,0.024101767245904,0.9691743961778206,0.124414836570075,0.0668794687837316,0.9118210152042904,0.0453986567242726,0.9118209880219044,0.1255369541924149,0.067843778527412,0.9102321183586656,0.0457011736431138,0.9102319702353944,E:\ML_Models_EXFOR\DT_B4\DT230_MSS10_MSL1_none_one_hot_B4_v1\DT230_MSS10_MSL1_none_one_hot_B4_v1.joblib,209.2481362819672,E:\ML_Models_EXFOR\DT_B4\DT230_MSS10_MSL1_none_one_hot_B4_v1\scaler.pkl
356,230,15,1,one_hot,none,0.0794668887385349,0.0279344725052952,0.9629528767405018,0.0291921173480975,0.9629528767405018,0.1222448366377115,0.0636615767549391,0.9154725682879284,0.0455008941599174,0.9154725459687808,0.1233607493948977,0.0645794554525039,0.9140020134327383,0.0458321999089489,0.9140018735003846,E:\ML_Models_EXFOR\DT_B4\DT230_MSS15_MSL1_none_one_hot_B4_v1\DT230_MSS15_MSL1_none_one_hot_B4_v1.joblib,208.41399812698364,E:\ML_Models_EXFOR\DT_B4\DT230_MSS15_MSL1_none_one_hot_B4_v1\scaler.pkl
361,240,2,1,one_hot,none,0.0258945860082483,0.0108326363712273,0.9859522065267308,0.0,0.9859522065267308,0.1344160275923017,0.0804143134854228,0.8961218390615455,0.0469906312553088,0.8961218261329813,0.1348133877783759,0.0802452460364733,0.8958921375418818,0.0469681262094738,0.8958917817015988,E:\ML_Models_EXFOR\DT_B4\DT240_MSS2_MSL1_none_one_hot_B4_v1\DT240_MSS2_MSL1_none_one_hot_B4_v1.joblib,215.3150143623352,E:\ML_Models_EXFOR\DT_B4\DT240_MSS2_MSL1_none_one_hot_B4_v1\scaler.pkl
366,240,5,1,one_hot,none,0.0518743229157445,0.0165185165934915,0.9784196187814108,0.0139852663464102,0.9784196187814108,0.1297459929879777,0.0740286965294288,0.9034806356303626,0.0460646737876799,0.9034805621507302,0.1305797098884723,0.0742776875631618,0.9026325900653024,0.0462459969664149,0.902632509020926,E:\ML_Models_EXFOR\DT_B4\DT240_MSS5_MSL1_none_one_hot_B4_v1\DT240_MSS5_MSL1_none_one_hot_B4_v1.joblib,212.1770098209381,E:\ML_Models_EXFOR\DT_B4\DT240_MSS5_MSL1_none_one_hot_B4_v1\scaler.pkl
371,240,10,1,one_hot,none,0.0699602687614865,0.0233824047888465,0.9691759835888644,0.0241011393345543,0.9691759835888644,0.1244110001902382,0.0667735016405191,0.9119490946637984,0.0453989982270637,0.9119490694719932,0.1255356491508476,0.0677313008511848,0.9103522037365416,0.0456985662445598,0.9103520848400036,E:\ML_Models_EXFOR\DT_B4\DT240_MSS10_MSL1_none_one_hot_B4_v1\DT240_MSS10_MSL1_none_one_hot_B4_v1.joblib,209.6660122871399,E:\ML_Models_EXFOR\DT_B4\DT240_MSS10_MSL1_none_one_hot_B4_v1\scaler.pkl
376,240,15,1,one_hot,none,0.0794635141488564,0.0279333269494917,0.9629544522756514,0.0291914995488506,0.9629544522756514,0.1222433067032918,0.0636067858378745,0.9155279868713228,0.0455046434406139,0.9155279425432876,0.1233497355951285,0.0646099962412567,0.9139456098636356,0.0458290118785337,0.9139455258028286,E:\ML_Models_EXFOR\DT_B4\DT240_MSS15_MSL1_none_one_hot_B4_v1\DT240_MSS15_MSL1_none_one_hot_B4_v1.joblib,214.70450139045715,E:\ML_Models_EXFOR\DT_B4\DT240_MSS15_MSL1_none_one_hot_B4_v1\scaler.pkl
381,250,2,1,one_hot,none,0.0258897083409199,0.0108309950605289,0.9859543648786064,0.0,0.9859543648786064,0.1344666869813131,0.08055059923895,0.89599642000515,0.0469959355207815,0.8959963991037159,0.1348293893710733,0.0803022192292853,0.895825550836108,0.0469896770114892,0.8958251760852618,E:\ML_Models_EXFOR\DT_B4\DT250_MSS2_MSL1_none_one_hot_B4_v1\DT250_MSS2_MSL1_none_one_hot_B4_v1.joblib,214.31799983978271,E:\ML_Models_EXFOR\DT_B4\DT250_MSS2_MSL1_none_one_hot_B4_v1\scaler.pkl
386,250,5,1,one_hot,none,0.0519112032618395,0.0165207350672421,0.9783981563101916,0.013984796216377,0.9783981563101916,0.1308167169641466,0.07381867327337,0.90413556279782,0.0468841904919413,0.9041353386862214,0.1311477533463326,0.0759041629662999,0.9015685467742296,0.0463646962303425,0.9015680590857328,E:\ML_Models_EXFOR\DT_B4\DT250_MSS5_MSL1_none_one_hot_B4_v1\DT250_MSS5_MSL1_none_one_hot_B4_v1.joblib,218.4741733074188,E:\ML_Models_EXFOR\DT_B4\DT250_MSS5_MSL1_none_one_hot_B4_v1\scaler.pkl
387,125,5,3,one_hot,none,0.0776715811633718,0.0281863594862571,0.9625737777592406,0.0266927582392515,0.9625737777592406,0.1236148102466987,0.0627373840324565,0.9172072252405432,0.0463298103984993,0.9172069732768272,0.1236474913541714,0.0643917656043622,0.9148755203657428,0.0458509932903912,0.9148749229943584,E:\ML_Models_EXFOR\DT_B4\DT125_MSS5_MSL3_none_one_hot_B4_v1\DT125_MSS5_MSL3_none_one_hot_B4_v1.joblib,215.55199694633484,E:\ML_Models_EXFOR\DT_B4\DT125_MSS5_MSL3_none_one_hot_B4_v1\scaler.pkl
391,250,10,1,one_hot,none,0.0700073860380597,0.0234377620253872,0.9690740245251044,0.0241391958313096,0.9690740245251044,0.1255289526044144,0.0672292974111711,0.9117064293563568,0.045949296357485,0.9117062548910644,0.1260508301368776,0.0694305700976103,0.9090854793661308,0.0456561425735274,0.9090851103655088,E:\ML_Models_EXFOR\DT_B4\DT250_MSS10_MSL1_none_one_hot_B4_v1\DT250_MSS10_MSL1_none_one_hot_B4_v1.joblib,213.257828950882,E:\ML_Models_EXFOR\DT_B4\DT250_MSS10_MSL1_none_one_hot_B4_v1\scaler.pkl
392,125,10,3,one_hot,none,0.0824237807953363,0.0303863392068542,0.959534408928108,0.0296564882977654,0.959534408928108,0.1222464996873218,0.0610772994310359,0.9190796384778293,0.04629543176484,0.9190793350081148,0.1224754976333899,0.0627526136977887,0.9167414649138176,0.0459115050005149,0.9167409679287573,E:\ML_Models_EXFOR\DT_B4\DT125_MSS10_MSL3_none_one_hot_B4_v1\DT125_MSS10_MSL3_none_one_hot_B4_v1.joblib,214.06244325637817,E:\ML_Models_EXFOR\DT_B4\DT125_MSS10_MSL3_none_one_hot_B4_v1\scaler.pkl
393,118,10,5,one_hot,none,0.0883442505092263,0.0341034480060292,0.954358392621836,0.032721426380483,0.954358392621836,0.1201763403893139,0.0586025021513107,0.92191323974187,0.0465136614975228,0.9219131897789116,0.1204504268044399,0.060235872229435,0.9197268396115572,0.0460260942395429,0.9197266725798408,E:\ML_Models_EXFOR\DT_B4\DT118_MSS10_MSL5_none_one_hot_B4_v1\DT118_MSS10_MSL5_none_one_hot_B4_v1.joblib,215.36280846595764,E:\ML_Models_EXFOR\DT_B4\DT118_MSS10_MSL5_none_one_hot_B4_v1\scaler.pkl
394,119,10,7,one_hot,none,0.0944609873770482,0.0379817800655793,0.9489026916985148,0.0361159711834813,0.9489026916985148,0.1195423669429695,0.0577109665003895,0.9227545870504428,0.0468947273238219,0.9227545481297618,0.120177156267214,0.059143802765643,0.9206820530253048,0.0467409185586245,0.9206819995012484,E:\ML_Models_EXFOR\DT_B4\DT119_MSS10_MSL7_none_one_hot_B4_v1\DT119_MSS10_MSL7_none_one_hot_B4_v1.joblib,215.04878759384155,E:\ML_Models_EXFOR\DT_B4\DT119_MSS10_MSL7_none_one_hot_B4_v1\scaler.pkl
396,250,15,1,one_hot,none,0.0794739050133603,0.027930879492637,0.9629255842296528,0.0292712782218391,0.9629255842296528,0.1231888866484628,0.0637815553214669,0.9156380716773732,0.046079056763296,0.9156380055758798,0.1237392624684328,0.0661826067196523,0.9127637664801692,0.0458130125953072,0.912763263154544,E:\ML_Models_EXFOR\DT_B4\DT250_MSS15_MSL1_none_one_hot_B4_v1\DT250_MSS15_MSL1_none_one_hot_B4_v1.joblib,217.9071881771088,E:\ML_Models_EXFOR\DT_B4\DT250_MSS15_MSL1_none_one_hot_B4_v1\scaler.pkl
397,124,15,3,one_hot,none,0.0879905748998062,0.0331765628596559,0.9556538795069404,0.0329817073835772,0.9556538795069404,0.1213435122444475,0.0596039797418132,0.9206902310922478,0.0466982388134684,0.9206898752243302,0.1214714532475142,0.0611354627458775,0.9185275773012392,0.0462398985721551,0.9185273119351232,E:\ML_Models_EXFOR\DT_B4\DT124_MSS15_MSL3_none_one_hot_B4_v1\DT124_MSS15_MSL3_none_one_hot_B4_v1.joblib,215.98171281814567,E:\ML_Models_EXFOR\DT_B4\DT124_MSS15_MSL3_none_one_hot_B4_v1\scaler.pkl
398,118,15,5,one_hot,none,0.0915465509304131,0.0357527847321523,0.9520451854648526,0.0347145705619603,0.9520451854648526,0.1200032370818013,0.0579322292966066,0.9226356552232996,0.0469527309806023,0.9226356203555992,0.1203895621027383,0.059585232344397,0.9203791608587392,0.0464750377977757,0.9203790629803682,E:\ML_Models_EXFOR\DT_B4\DT118_MSS15_MSL5_none_one_hot_B4_v1\DT118_MSS15_MSL5_none_one_hot_B4_v1.joblib,213.571314573288,E:\ML_Models_EXFOR\DT_B4\DT118_MSS15_MSL5_none_one_hot_B4_v1\scaler.pkl
399,119,15,7,one_hot,none,0.0947853648313856,0.0381595628261441,0.9486512373434384,0.0363149136524485,0.9486512373434384,0.1196253911327381,0.0577111541775673,0.9227376216797556,0.0470132612121644,0.9227375796884428,0.1202218222474525,0.0591677085165608,0.9206343098497476,0.0468071594862441,0.9206342580691332,E:\ML_Models_EXFOR\DT_B4\DT119_MSS15_MSL7_none_one_hot_B4_v1\DT119_MSS15_MSL7_none_one_hot_B4_v1.joblib,214.7463295459748,E:\ML_Models_EXFOR\DT_B4\DT119_MSS15_MSL7_none_one_hot_B4_v1\scaler.pkl
400,87,15,10,one_hot,none,0.1008541434640548,0.0424387289448287,0.942562313770926,0.0394709920462925,0.942562313770926,0.1205418082188244,0.0581939086875332,0.9214503430296404,0.047936993531344,0.9214499715786374,0.1209312255598149,0.0594062998375108,0.9196639117527952,0.0478552354210985,0.9196639045933888,E:\ML_Models_EXFOR\DT_B4\DT87_MSS15_MSL10_none_one_hot_B4_v1\DT87_MSS15_MSL10_none_one_hot_B4_v1.joblib,212.80405354499817,E:\ML_Models_EXFOR\DT_B4\DT87_MSS15_MSL10_none_one_hot_B4_v1\scaler.pkl
401,260,2,1,one_hot,none,0.0258665700520922,0.0108122991731878,0.9859670195992544,0.0,0.9859670195992544,0.1353228365270786,0.0801636857030065,0.8967238991162616,0.0475642309692418,0.8967235734345433,0.1357765891165938,0.0824490575231231,0.8939504287789191,0.0473601013240893,0.893949308465817,E:\ML_Models_EXFOR\DT_B4\DT260_MSS2_MSL1_none_one_hot_B4_v1\DT260_MSS2_MSL1_none_one_hot_B4_v1.joblib,217.89190006256104,E:\ML_Models_EXFOR\DT_B4\DT260_MSS2_MSL1_none_one_hot_B4_v1\scaler.pkl
406,260,5,1,one_hot,none,0.0519051115295919,0.0165186749284544,0.9784009082468252,0.0139834972927921,0.9784009082468252,0.1307990905318123,0.0737770006189173,0.9042033695425166,0.0468871485403804,0.9042031632629844,0.1311856307035455,0.0759633766564671,0.9014872684387158,0.0463572856008275,0.9014867795994672,E:\ML_Models_EXFOR\DT_B4\DT260_MSS5_MSL1_none_one_hot_B4_v1\DT260_MSS5_MSL1_none_one_hot_B4_v1.joblib,217.95382928848267,E:\ML_Models_EXFOR\DT_B4\DT260_MSS5_MSL1_none_one_hot_B4_v1\scaler.pkl
411,260,10,1,one_hot,none,0.0700022245376198,0.023436016584272,0.9690763988434644,0.024138086969947,0.9690763988434644,0.125554547680697,0.0672652133411013,0.9116677431491284,0.045949296357485,0.9116675899118422,0.1260769440091309,0.069486100728238,0.9090257889445492,0.0456625260644545,0.909025352830984,E:\ML_Models_EXFOR\DT_B4\DT260_MSS10_MSL1_none_one_hot_B4_v1\DT260_MSS10_MSL1_none_one_hot_B4_v1.joblib,213.22605633735657,E:\ML_Models_EXFOR\DT_B4\DT260_MSS10_MSL1_none_one_hot_B4_v1\scaler.pkl
416,260,15,1,one_hot,none,0.07946904258021519,0.027929233464657314,0.9629278501043506,0.029269979302577243,0.9629278501043506,0.12317524303326935,0.06376209308508447,0.9156603129226129,0.04608091279216431,0.9156602556627705,0.12373649657387142,0.06618667733397947,0.9127593890011024,0.045811472041346835,0.9127589199304477,E:\ML_Models_EXFOR\DT_B4\DT260_MSS15_MSL1_none_one_hot_B4_v1\DT260_MSS15_MSL1_none_one_hot_B4_v1.joblib,214.17069959640503,E:\ML_Models_EXFOR\DT_B4\DT260_MSS15_MSL1_none_one_hot_B4_v1\scaler.pkl
